close,high,date,low,open,volume_from,volume_to,symbol,btc_price
0,0,2014-06-27,0,0,0,0,BCN,6350
0,0,2014-06-28,0,0,0,0,BCN,6689
0,0,2014-06-29,0,0,0,0,BCN,6500
0,0,2014-06-30,0,0,0,0,BCN,6998
0,0,2014-07-01,0,0,0,0,BCN,7198
0,0,2014-07-02,0,0,0,0,BCN,7194
0,0,2014-07-03,0,0,0,0,BCN,7149.99
0,0,2014-07-04,0,0,0,0,BCN,7099.99
0,0,2014-07-05,0,0,0,0,BCN,7099.99
0,0,2014-07-06,0,0,0,0,BCN,7000
0,0,2014-07-07,0,0,0,0,BCN,7000
0,0,2014-07-08,0,0,0,0,BCN,6990
0,0,2014-07-09,0,0,0,0,BCN,6990
0,0,2014-07-10,0,0,0,0,BCN,6850
0,0,2014-07-11,0,0,0,0,BCN,6949.99
0,0,2014-07-12,0,0,0,0,BCN,6939
0,0,2014-07-13,0,0,0,0,BCN,6939
0,0,2014-07-14,0,0,0,0,BCN,6900
0,0,2014-07-15,0,0,0,0,BCN,6900
0,0,2014-07-16,0,0,0,0,BCN,6850
0,0,2014-07-17,0,0,0,0,BCN,6850
0,0,2014-07-18,0,0,0,0,BCN,6900.22
0,0,2014-07-19,0,0,0,0,BCN,6950
0,0,2014-07-20,0,0,0,0,BCN,6950
0,0,2014-07-21,0,0,0,0,BCN,6950
0,0,2014-07-22,0,0,0,0,BCN,6950
0,0,2014-07-23,0,0,0,0,BCN,6950
0,0,2014-07-24,0,0,0,0,BCN,6950
0,0,2014-07-25,0,0,0,0,BCN,6935.2
0,0,2014-07-26,0,0,0,0,BCN,6933
0,0,2014-07-27,0,0,0,0,BCN,6899
0,0,2014-07-28,0,0,0,0,BCN,6890
0,0,2014-07-29,0,0,0,0,BCN,6820
0,0,2014-07-30,0,0,0,0,BCN,6815
0,0,2014-07-31,0,0,0,0,BCN,6700
0,0,2014-08-01,0,0,0,0,BCN,6799
0,0,2014-08-02,0,0,0,0,BCN,6788
0,0,2014-08-03,0,0,0,0,BCN,6749
0,0,2014-08-04,0,0,0,0,BCN,6748
0,0,2014-08-05,0,0,0,0,BCN,6700
0,0,2014-08-06,0,0,0,0,BCN,6500
0,0,2014-08-07,0,0,0,0,BCN,6549
0,0,2014-08-08,0,0,0,0,BCN,6585
0,0,2014-08-09,0,0,0,0,BCN,6585
0,0,2014-08-10,0,0,0,0,BCN,6500
0,0,2014-08-11,0,0,0,0,BCN,6600
0,0,2014-08-12,0,0,0,0,BCN,6542.59
0,0,2014-08-13,0,0,0,0,BCN,6399
0,0,2014-08-14,0,0,0,0,BCN,6199
0,0,2014-08-15,0,0,0,0,BCN,6190
0,0,2014-08-16,0,0,0,0,BCN,6099
0,0,2014-08-17,0,0,0,0,BCN,6098
0,0,2014-08-18,0,0,0,0,BCN,6000
0,0,2014-08-19,0,0,0,0,BCN,5700
0,0,2014-08-20,0,0,0,0,BCN,5900
0,0,2014-08-21,0,0,0,0,BCN,6089
0,0,2014-08-22,0,0,0,0,BCN,5939
0,0,2014-08-23,0,0,0,0,BCN,5939
0,0,2014-08-24,0,0,0,0,BCN,5920
0,0,2014-08-25,0,0,0,0,BCN,5844
0,0,2014-08-26,0,0,0,0,BCN,5720
0,0,2014-08-27,0,0,0,0,BCN,5839
0,0,2014-08-28,0,0,0,0,BCN,6100
0,0,2014-08-29,0,0,0,0,BCN,5646.53
0,0,2014-08-30,0,0,0,0,BCN,5730.77
0,0,2014-08-31,0,0,0,0,BCN,5564
0,0,2014-09-01,0,0,0,0,BCN,5564
0,0,2014-09-02,0,0,0,0,BCN,5561.89
0,0,2014-09-03,0,0,0,0,BCN,5614.53
0,0,2014-09-04,0,0,0,0,BCN,5688.71
0,0,2014-09-05,0,0,0,0,BCN,5599
0,0,2014-09-06,0,0,0,0,BCN,5599
0,0,2014-09-07,0,0,0,0,BCN,5489
0,0,2014-09-08,0,0,0,0,BCN,5598
0,0,2014-09-09,0,0,0,0,BCN,5599
0,0,2014-09-10,0,0,0,0,BCN,5489.99
0,0,2014-09-11,0,0,0,0,BCN,5599
0,0,2014-09-12,0,0,0,0,BCN,5879
0,0,2014-09-13,0,0,0,0,BCN,5700
0,0,2014-09-14,0,0,0,0,BCN,5590
0,0,2014-09-15,0,0,0,0,BCN,5699
0,0,2014-09-16,0,0,0,0,BCN,5697.99
0,0,2014-09-17,0,0,0,0,BCN,5649.98
0,0,2014-09-18,0,0,0,0,BCN,5400
0,0,2014-09-19,0,0,0,0,BCN,5500
0,0,2014-09-20,0,0,0,0,BCN,5100
0,0,2014-09-21,0,0,0,0,BCN,5100
0,0,2014-09-22,0,0,0,0,BCN,5075
0,0,2014-09-23,0,0,0,0,BCN,5240
0,0,2014-09-24,0,0,0,0,BCN,5450
0,0,2014-09-25,0,0,0,0,BCN,5100
0,0,2014-09-26,0,0,0,0,BCN,5239
0,0,2014-09-27,0,0,0,0,BCN,5000
0,0,2014-09-28,0,0,0,0,BCN,5000
0,0,2014-09-29,0,0,0,0,BCN,4795.04
0,0,2014-09-30,0,0,0,0,BCN,4780
0,0,2014-10-01,0,0,0,0,BCN,4697.9
0,0,2014-10-02,0,0,0,0,BCN,4900
0,0,2014-10-03,0,0,0,0,BCN,4900
0,0,2014-10-04,0,0,0,0,BCN,4750
0,0,2014-10-05,0,0,0,0,BCN,4200
0,0,2014-10-06,0,0,0,0,BCN,4475
0,0,2014-10-07,0,0,0,0,BCN,4200
0,0,2014-10-08,0,0,0,0,BCN,4200
0,0,2014-10-09,0,0,0,0,BCN,4720
0,0,2014-10-10,0,0,0,0,BCN,4600
0,0,2014-10-11,0,0,0,0,BCN,4500
0,0,2014-10-12,0,0,0,0,BCN,4540.94
0,0,2014-10-13,0,0,0,0,BCN,4699
0,0,2014-10-14,0,0,0,0,BCN,4800.37
0,0,2014-10-15,0,0,0,0,BCN,4790
0,0,2014-10-16,0,0,0,0,BCN,4530
0,0,2014-10-17,0,0,0,0,BCN,4530
0,0,2014-10-18,0,0,0,0,BCN,4380
0,0,2014-10-19,0,0,0,0,BCN,4430
0,0,2014-10-20,0,0,0,0,BCN,4399
0,0,2014-10-21,0,0,0,0,BCN,4400
0,0,2014-10-22,0,0,0,0,BCN,4390
0,0,2014-10-23,0,0,0,0,BCN,4431.02
0,0,2014-10-24,0,0,0,0,BCN,4290
0,0,2014-10-25,0,0,0,0,BCN,4300
0,0,2014-10-26,0,0,0,0,BCN,4249.57
0,0,2014-10-27,0,0,0,0,BCN,4126.01
0,0,2014-10-28,0,0,0,0,BCN,4260
0,0,2014-10-29,0,0,0,0,BCN,4165
0,0,2014-10-30,0,0,0,0,BCN,4140
0,0,2014-10-31,0,0,0,0,BCN,4100
0,0,2014-11-01,0,0,0,0,BCN,3930
0,0,2014-11-02,0,0,0,0,BCN,3815
0,0,2014-11-03,0,0,0,0,BCN,3815
0,0,2014-11-04,0,0,0,0,BCN,3948.85
0,0,2014-11-05,0,0,0,0,BCN,3950
0,0,2014-11-06,0,0,0,0,BCN,4050
0,0,2014-11-07,0,0,0,0,BCN,4058.92
0,0,2014-11-08,0,0,0,0,BCN,4032.87
0,0,2014-11-09,0,0,0,0,BCN,4090
0,0,2014-11-10,0,0,0,0,BCN,4398
0,0,2014-11-11,0,0,0,0,BCN,4398
0,0,2014-11-12,0,0,0,0,BCN,4900
0,0,2014-11-13,0,0,0,0,BCN,5350
0,0,2014-11-14,0,0,0,0,BCN,5000
0,0,2014-11-15,0,0,0,0,BCN,4739
0,0,2014-11-16,0,0,0,0,BCN,4549.08
0,0,2014-11-17,0,0,0,0,BCN,4680
0,0,2014-11-18,0,0,0,0,BCN,4700
0,0,2014-11-19,0,0,0,0,BCN,4468
0,0,2014-11-20,0,0,0,0,BCN,4459.37
0,0,2014-11-21,0,0,0,0,BCN,4369.99
0,0,2014-11-22,0,0,0,0,BCN,4622
0,0,2014-11-23,0,0,0,0,BCN,4486.85
0,0,2014-11-24,0,0,0,0,BCN,4459.22
0,0,2014-11-25,0,0,0,0,BCN,4497.21
0,0,2014-11-26,0,0,0,0,BCN,4490
0,0,2014-11-27,0,0,0,0,BCN,4396.49
0,0,2014-11-28,0,0,0,0,BCN,4399.51
0,0,2014-11-29,0,0,0,0,BCN,4399.51
0,0,2014-11-30,0,0,0,0,BCN,4344
0,0,2014-12-01,0,0,0,0,BCN,4388.99
0,0,2014-12-02,0,0,0,0,BCN,4400.35
0,0,2014-12-03,0,0,0,0,BCN,4640
0,0,2014-12-04,0,0,0,0,BCN,4483
0,0,2014-12-05,0,0,0,0,BCN,4398.9
0,0,2014-12-06,0,0,0,0,BCN,4649
0,0,2014-12-07,0,0,0,0,BCN,4609
0,0,2014-12-08,0,0,0,0,BCN,4469.22
0,0,2014-12-09,0,0,0,0,BCN,4387.33
0,0,2014-12-10,0,0,0,0,BCN,4298.22
0,0,2014-12-11,0,0,0,0,BCN,4299
0,0,2014-12-12,0,0,0,0,BCN,4299
0,0,2014-12-13,0,0,0,0,BCN,4250
0,0,2014-12-14,0,0,0,0,BCN,4220
0,0,2014-12-15,0,0,0,0,BCN,4293.22
0,0,2014-12-16,0,0,0,0,BCN,4100
0,0,2014-12-17,0,0,0,0,BCN,4208.2
0,0,2014-12-18,0,0,0,0,BCN,4198.95
0,0,2014-12-19,0,0,0,0,BCN,4048.94
0,0,2014-12-20,0,0,0,0,BCN,4288
0,0,2014-12-21,0,0,0,0,BCN,4181.97
0,0,2014-12-22,0,0,0,0,BCN,4170
0,0,2014-12-23,0,0,0,0,BCN,4279.22
0,0,2014-12-24,0,0,0,0,BCN,4293
0,0,2014-12-25,0,0,0,0,BCN,4180.81
0,0,2014-12-26,0,0,0,0,BCN,4170
0,0,2014-12-27,0,0,0,0,BCN,4280
0,0,2014-12-28,0,0,0,0,BCN,4199
0,0,2014-12-29,0,0,0,0,BCN,4150
0,0,2014-12-30,0,0,0,0,BCN,4199
0,0,2014-12-31,0,0,0,0,BCN,3951.1
0,0,2015-01-01,0,0,0,0,BCN,4000
0,0,2015-01-02,0,0,0,0,BCN,4000
0,0,2015-01-03,0,0,0,0,BCN,3894.47
0,0,2015-01-04,0,0,0,0,BCN,3870
0,0,2015-01-05,0,0,0,0,BCN,3708.22
0,0,2015-01-06,0,0,0,0,BCN,3740
0,0,2015-01-07,0,0,0,0,BCN,3860
0,0,2015-01-08,0,0,0,0,BCN,3891.19
0,0,2015-01-09,0,0,0,0,BCN,3889
0,0,2015-01-10,0,0,0,0,BCN,3778.82
0,0,2015-01-11,0,0,0,0,BCN,3555.79
0,0,2015-01-12,0,0,0,0,BCN,3580
0,0,2015-01-13,0,0,0,0,BCN,3290
0,0,2015-01-14,0,0,0,0,BCN,2905.12
0,0,2015-01-15,0,0,0,0,BCN,2867.99
0,0,2015-01-16,0,0,0,0,BCN,2848.99
0,0,2015-01-17,0,0,0,0,BCN,2600
0,0,2015-01-18,0,0,0,0,BCN,2719.98
0,0,2015-01-19,0,0,0,0,BCN,2698.23
0,0,2015-01-20,0,0,0,0,BCN,2698.97
0,0,2015-01-21,0,0,0,0,BCN,2685
0,0,2015-01-22,0,0,0,0,BCN,3250
0,0,2015-01-23,0,0,0,0,BCN,3230
0,0,2015-01-24,0,0,0,0,BCN,3500
0,0,2015-01-25,0,0,0,0,BCN,3500
0,0,2015-01-26,0,0,0,0,BCN,3880
0,0,2015-01-27,0,0,0,0,BCN,3496.84
0,0,2015-01-28,0,0,0,0,BCN,3388.96
0,0,2015-01-29,0,0,0,0,BCN,3229.94
0,0,2015-01-30,0,0,0,0,BCN,3140
0,0,2015-01-31,0,0,0,0,BCN,3095.98
0,0,2015-02-01,0,0,0,0,BCN,2824.99
0,0,2015-02-02,0,0,0,0,BCN,2893.8
0,0,2015-02-03,0,0,0,0,BCN,3145
0,0,2015-02-04,0,0,0,0,BCN,2994.98
0,0,2015-02-05,0,0,0,0,BCN,2912
0,0,2015-02-06,0,0,0,0,BCN,2948
0,0,2015-02-07,0,0,0,0,BCN,2999
0,0,2015-02-08,0,0,0,0,BCN,2997.98
0,0,2015-02-09,0,0,0,0,BCN,2949.98
0,0,2015-02-10,0,0,0,0,BCN,2910.94
0,0,2015-02-11,0,0,0,0,BCN,2870
0,0,2015-02-12,0,0,0,0,BCN,2869.98
0,0,2015-02-13,0,0,0,0,BCN,2921.98
0,0,2015-02-14,0,0,0,0,BCN,3000
0,0,2015-02-15,0,0,0,0,BCN,3090
0,0,2015-02-16,0,0,0,0,BCN,2949
0,0,2015-02-17,0,0,0,0,BCN,3050
0,0,2015-02-18,0,0,0,0,BCN,2994
0,0,2015-02-19,0,0,0,0,BCN,2980
0,0,2015-02-20,0,0,0,0,BCN,2998
0,0,2015-02-21,0,0,0,0,BCN,3089
0,0,2015-02-22,0,0,0,0,BCN,3097
0,0,2015-02-23,0,0,0,0,BCN,3000
0,0,2015-02-24,0,0,0,0,BCN,3100
0,0,2015-02-25,0,0,0,0,BCN,3200
0,0,2015-02-26,0,0,0,0,BCN,3200
0,0,2015-02-27,0,0,0,0,BCN,3200
0,0,2015-02-28,0,0,0,0,BCN,3200
0,0,2015-03-01,0,0,0,0,BCN,3199
0,0,2015-03-02,0,0,0,0,BCN,3196
0,0,2015-03-03,0,0,0,0,BCN,3490
0,0,2015-03-04,0,0,0,0,BCN,3875
0,0,2015-03-05,0,0,0,0,BCN,3399
0,0,2015-03-06,0,0,0,0,BCN,3450
0,0,2015-03-07,0,0,0,0,BCN,3448
0,0,2015-03-08,0,0,0,0,BCN,3399
0,0,2015-03-09,0,0,0,0,BCN,3649
0,0,2015-03-10,0,0,0,0,BCN,3770
0,0,2015-03-11,0,0,0,0,BCN,3765
0,0,2015-03-12,0,0,0,0,BCN,3745
0,0,2015-03-13,0,0,0,0,BCN,3726
0,0,2015-03-14,0,0,0,0,BCN,3794
0,0,2015-03-15,0,0,0,0,BCN,3677
0,0,2015-03-16,0,0,0,0,BCN,3794
0,0,2015-03-17,0,0,0,0,BCN,3785
0,0,2015-03-18,0,0,0,0,BCN,3759
0,0,2015-03-19,0,0,0,0,BCN,3680
0,0,2015-03-20,0,0,0,0,BCN,3612
0,0,2015-03-21,0,0,0,0,BCN,3560
0,0,2015-03-22,0,0,0,0,BCN,3540
0,0,2015-03-23,0,0,0,0,BCN,3527
0,0,2015-03-24,0,0,0,0,BCN,3577
0,0,2015-03-25,0,0,0,0,BCN,3570
0,0,2015-03-26,0,0,0,0,BCN,3250
0,0,2015-03-27,0,0,0,0,BCN,3300
0,0,2015-03-28,0,0,0,0,BCN,3297
0,0,2015-03-29,0,0,0,0,BCN,3540
0,0,2015-03-30,0,0,0,0,BCN,3275
0,0,2015-03-31,0,0,0,0,BCN,3200
0,0,2015-04-01,0,0,0,0,BCN,3163
0,0,2015-04-02,0,0,0,0,BCN,3135
0,0,2015-04-03,0,0,0,0,BCN,3148
0,0,2015-04-04,0,0,0,0,BCN,3139
0,0,2015-04-05,0,0,0,0,BCN,3245
0,0,2015-04-06,0,0,0,0,BCN,3240
0,0,2015-04-07,0,0,0,0,BCN,3195
0,0,2015-04-08,0,0,0,0,BCN,3225
0,0,2015-04-09,0,0,0,0,BCN,3127
0,0,2015-04-10,0,0,0,0,BCN,3120
0,0,2015-04-11,0,0,0,0,BCN,3195
0,0,2015-04-12,0,0,0,0,BCN,3148
0,0,2015-04-13,0,0,0,0,BCN,3140
0,0,2015-04-14,0,0,0,0,BCN,3150
0,0,2015-04-15,0,0,0,0,BCN,3000
0,0,2015-04-16,0,0,0,0,BCN,3050
0,0,2015-04-17,0,0,0,0,BCN,3130
0,0,2015-04-18,0,0,0,0,BCN,3148
0,0,2015-04-19,0,0,0,0,BCN,3045
0,0,2015-04-20,0,0,0,0,BCN,3033
0,0,2015-04-21,0,0,0,0,BCN,3240
0,0,2015-04-22,0,0,0,0,BCN,3245
0,0,2015-04-23,0,0,0,0,BCN,3300
0,0,2015-04-24,0,0,0,0,BCN,3500
0,0,2015-04-25,0,0,0,0,BCN,3317
0,0,2015-04-26,0,0,0,0,BCN,3245
0,0,2015-04-27,0,0,0,0,BCN,3150
0,0,2015-04-28,0,0,0,0,BCN,3259
0,0,2015-04-29,0,0,0,0,BCN,3497
0,0,2015-04-30,0,0,0,0,BCN,3597
0,0,2015-05-01,0,0,0,0,BCN,3599
0,0,2015-05-02,0,0,0,0,BCN,3600
0,0,2015-05-03,0,0,0,0,BCN,3615
0,0,2015-05-04,0,0,0,0,BCN,3541
0,0,2015-05-05,0,0,0,0,BCN,3695
0,0,2015-05-06,0,0,0,0,BCN,3608
0,0,2015-05-07,0,0,0,0,BCN,3486
0,0,2015-05-08,0,0,0,0,BCN,3391
0,0,2015-05-09,0,0,0,0,BCN,3390
0,0,2015-05-10,0,0,0,0,BCN,3250
0,0,2015-05-11,0,0,0,0,BCN,3250
0,0,2015-05-12,0,0,0,0,BCN,3333
0,0,2015-05-13,0,0,0,0,BCN,3329
0,0,2015-05-14,0,0,0,0,BCN,3249
0,0,2015-05-15,0,0,0,0,BCN,3145
0,0,2015-05-16,0,0,0,0,BCN,3116
0,0,2015-05-17,0,0,0,0,BCN,3171
0,0,2015-05-18,0,0,0,0,BCN,3134
0,0,2015-05-19,0,0,0,0,BCN,3107
0,0,2015-05-20,0,0,0,0,BCN,3104
0,0,2015-05-21,0,0,0,0,BCN,3125
0,0,2015-05-22,0,0,0,0,BCN,3105
0,0,2015-05-23,0,0,0,0,BCN,3159
0,0,2015-05-24,0,0,0,0,BCN,3097
0,0,2015-05-25,0,0,0,0,BCN,3091
0,0,2015-05-26,0,0,0,0,BCN,3066
0,0,2015-05-27,0,0,0,0,BCN,3090
0,0,2015-05-28,0,0,0,0,BCN,3100
0,0,2015-05-29,0,0,0,0,BCN,3168
0,0,2015-05-30,0,0,0,0,BCN,3169
0,0,2015-05-31,0,0,0,0,BCN,3141
0,0,2015-06-01,0,0,0,0,BCN,3130
0,0,2015-06-02,0,0,0,0,BCN,3071
0,0,2015-06-03,0,0,0,0,BCN,3101
0,0,2015-06-04,0,0,0,0,BCN,3190
0,0,2015-06-05,0,0,0,0,BCN,3238
0,0,2015-06-06,0,0,0,0,BCN,3188
0,0,2015-06-07,0,0,0,0,BCN,3177
0,0,2015-06-08,0,0,0,0,BCN,3200
0,0,2015-06-09,0,0,0,0,BCN,3260
0,0,2015-06-10,0,0,0,0,BCN,3254
0,0,2015-06-11,0,0,0,0,BCN,3243
0,0,2015-06-12,0,0,0,0,BCN,3243
0,0,2015-06-13,0,0,0,0,BCN,3293
0,0,2015-06-14,0,0,0,0,BCN,3356
0,0,2015-06-15,0,0,0,0,BCN,3051.01
0,0,2015-06-16,0,0,0,0,BCN,3242.28
0,0,2015-06-17,0,0,0,0,BCN,3301.73
0,0,2015-06-18,0,0,0,0,BCN,3525.78
0,0,2015-06-19,0,0,0,0,BCN,3497
0,0,2015-06-20,0,0,0,0,BCN,3477.3
0,0,2015-06-21,0,0,0,0,BCN,3313.33
0,0,2015-06-22,0,0,0,0,BCN,3432.67
0,0,2015-06-23,0,0,0,0,BCN,3304.08
0,0,2015-06-24,0,0,0,0,BCN,3348.45
0,0,2015-06-25,0,0,0,0,BCN,3480.07
0,0,2015-06-26,0,0,0,0,BCN,3443.35
0,0,2015-06-27,0,0,0,0,BCN,3535
0,0,2015-06-28,0,0,0,0,BCN,3372.19
0,0,2015-06-29,0,0,0,0,BCN,3439.42
0,0,2015-06-30,0,0,0,0,BCN,3698
0,0,2015-07-01,0,0,0,0,BCN,3661.98
0,0,2015-07-02,0,0,0,0,BCN,3523.31
0,0,2015-07-03,0,0,0,0,BCN,3556.59
0,0,2015-07-04,0,0,0,0,BCN,3467.46
0,0,2015-07-05,0,0,0,0,BCN,3644.06
0,0,2015-07-06,0,0,0,0,BCN,3661.86
0,0,2015-07-07,0,0,0,0,BCN,3600.07
0,0,2015-07-08,0,0,0,0,BCN,3730
0,0,2015-07-09,0,0,0,0,BCN,3750
0,0,2015-07-10,0,0,0,0,BCN,3984.13
0,0,2015-07-11,0,0,0,0,BCN,4050
0,0,2015-07-12,0,0,0,0,BCN,4200
0,0,2015-07-13,0,0,0,0,BCN,4221
0,0,2015-07-14,0,0,0,0,BCN,4021
0,0,2015-07-15,0,0,0,0,BCN,3991
0,0,2015-07-16,0,0,0,0,BCN,3985
0,0,2015-07-17,0,0,0,0,BCN,3816
0,0,2015-07-18,0,0,0,0,BCN,3847
0,0,2015-07-19,0,0,0,0,BCN,3805
0,0,2015-07-20,0,0,0,0,BCN,3839.94
0,0,2015-07-21,0,0,0,0,BCN,3893
0,0,2015-07-22,0,0,0,0,BCN,3847.91
0,0,2015-07-23,0,0,0,0,BCN,3752.22
0,0,2015-07-24,0,0,0,0,BCN,3839.8
0,0,2015-07-25,0,0,0,0,BCN,3955.37
0,0,2015-07-26,0,0,0,0,BCN,3796.53
0,0,2015-07-27,0,0,0,0,BCN,3938.85
0,0,2015-07-28,0,0,0,0,BCN,4212.79
0,0,2015-07-29,0,0,0,0,BCN,4103.21
0,0,2015-07-30,0,0,0,0,BCN,3964.01
0,0,2015-07-31,0,0,0,0,BCN,4092.35
0,0,2015-08-01,0,0,0,0,BCN,4175
0,0,2015-08-02,0,0,0,0,BCN,3977.57
0,0,2015-08-03,0,0,0,0,BCN,4047.47
0,0,2015-08-04,0,0,0,0,BCN,4068.91
0,0,2015-08-05,0,0,0,0,BCN,4031.49
0,0,2015-08-06,0,0,0,0,BCN,3951.17
0,0,2015-08-07,0,0,0,0,BCN,4011.64
0,0,2015-08-08,0,0,0,0,BCN,3999.26
0,0,2015-08-09,0,0,0,0,BCN,3898.86
0,0,2015-08-10,0,0,0,0,BCN,3889.73
0,0,2015-08-11,0,0,0,0,BCN,3814.55
0,0,2015-08-12,0,0,0,0,BCN,3832.49
0,0,2015-08-13,0,0,0,0,BCN,3785
0,0,2015-08-14,0,0,0,0,BCN,3770.63
0,0,2015-08-15,0,0,0,0,BCN,3787.5
0,0,2015-08-16,0,0,0,0,BCN,3747
0,0,2015-08-17,0,0,0,0,BCN,3694
0,0,2015-08-18,0,0,0,0,BCN,3674
0,0,2015-08-19,0,0,0,0,BCN,3570
0,0,2015-08-20,0,0,0,0,BCN,3398
0,0,2015-08-21,0,0,0,0,BCN,3440
0,0,2015-08-22,0,0,0,0,BCN,3388
0,0,2015-08-23,0,0,0,0,BCN,3200
0,0,2015-08-24,0,0,0,0,BCN,3336
0,0,2015-08-25,0,0,0,0,BCN,3239
0,0,2015-08-26,0,0,0,0,BCN,3393.62
0,0,2015-08-27,0,0,0,0,BCN,3279.21
0,0,2015-08-28,0,0,0,0,BCN,3346.53
0,0,2015-08-29,0,0,0,0,BCN,3409.89
0,0,2015-08-30,0,0,0,0,BCN,3405.92
0,0,2015-08-31,0,0,0,0,BCN,3374.13
0,0,2015-09-01,0,0,0,0,BCN,3390.22
0,0,2015-09-02,0,0,0,0,BCN,3374.26
0,0,2015-09-03,0,0,0,0,BCN,3358.89
0,0,2015-09-04,0,0,0,0,BCN,3404.26
0,0,2015-09-05,0,0,0,0,BCN,3549.56
0,0,2015-09-06,0,0,0,0,BCN,3593.68
0,0,2015-09-07,0,0,0,0,BCN,3619.86
0,0,2015-09-08,0,0,0,0,BCN,3655.75
0,0,2015-09-09,0,0,0,0,BCN,3625.41
0,0,2015-09-10,0,0,0,0,BCN,3634.41
0,0,2015-09-11,0,0,0,0,BCN,3642.1
0,0,2015-09-12,0,0,0,0,BCN,3617.23
0,0,2015-09-13,0,0,0,0,BCN,3569.09
0,0,2015-09-14,0,0,0,0,BCN,3576.18
0,0,2015-09-15,0,0,0,0,BCN,3485.63
0,0,2015-09-16,0,0,0,0,BCN,3470.89
0,0,2015-09-17,0,0,0,0,BCN,3397.29
0,0,2015-09-18,0,0,0,0,BCN,3458.65
0,0,2015-09-19,0,0,0,0,BCN,3482.04
0,0,2015-09-20,0,0,0,0,BCN,3441.62
0,0,2015-09-21,0,0,0,0,BCN,3425.44
0,0,2015-09-22,0,0,0,0,BCN,3416.03
0,0,2015-09-23,0,0,0,0,BCN,3465
0,0,2015-09-24,0,0,0,0,BCN,3508.23
0,0,2015-09-25,0,0,0,0,BCN,3522.6
0,0,2015-09-26,0,0,0,0,BCN,3506.94
0,0,2015-09-27,0,0,0,0,BCN,3500
0,0,2015-09-28,0,0,0,0,BCN,3596
0,0,2015-09-29,0,0,0,0,BCN,3671
0,0,2015-09-30,0,0,0,0,BCN,3695.84
0,0,2015-10-01,0,0,0,0,BCN,3703.21
0,0,2015-10-02,0,0,0,0,BCN,3650
0,0,2015-10-03,0,0,0,0,BCN,3674
0,0,2015-10-04,0,0,0,0,BCN,3680
0,0,2015-10-05,0,0,0,0,BCN,3700
0,0,2015-10-06,0,0,0,0,BCN,3680
0,0,2015-10-07,0,0,0,0,BCN,3660
0,0,2015-10-08,0,0,0,0,BCN,3635.65
0,0,2015-10-09,0,0,0,0,BCN,3624.54
0,0,2015-10-10,0,0,0,0,BCN,3569
0,0,2015-10-11,0,0,0,0,BCN,3589
0,0,2015-10-12,0,0,0,0,BCN,3602
0,0,2015-10-13,0,0,0,0,BCN,3639
0,0,2015-10-14,0,0,0,0,BCN,3650
0,0,2015-10-15,0,0,0,0,BCN,3645
0,0,2015-10-16,0,0,0,0,BCN,3654.64
0,0,2015-10-17,0,0,0,0,BCN,3715
0,0,2015-10-18,0,0,0,0,BCN,3750
0,0,2015-10-19,0,0,0,0,BCN,3703.18
0,0,2015-10-20,0,0,0,0,BCN,3766.98
0,0,2015-10-21,0,0,0,0,BCN,3806.34
0,0,2015-10-22,0,0,0,0,BCN,3989
0,0,2015-10-23,0,0,0,0,BCN,3997.91
0,0,2015-10-24,0,0,0,0,BCN,4145
0,0,2015-10-25,0,0,0,0,BCN,4309
0,0,2015-10-26,0,0,0,0,BCN,4225
0,0,2015-10-27,0,0,0,0,BCN,4359
0,0,2015-10-28,0,0,0,0,BCN,4450
0,0,2015-10-29,0,0,0,0,BCN,4721
0,0,2015-10-30,0,0,0,0,BCN,4849
0,0,2015-10-31,0,0,0,0,BCN,4989.94
0,0,2015-11-01,0,0,0,0,BCN,4840
0,0,2015-11-02,0,0,0,0,BCN,5065.04
0,0,2015-11-03,0,0,0,0,BCN,5998.78
0,0,2015-11-04,0,0,0,0,BCN,7493.67
0,0,2015-11-05,0,0,0,0,BCN,6118.75
0,0,2015-11-06,0,0,0,0,BCN,5775.11
0,0,2015-11-07,0,0,0,0,BCN,5897
0,0,2015-11-08,0,0,0,0,BCN,5860
0,0,2015-11-09,0,0,0,0,BCN,5748
0,0,2015-11-10,0,0,0,0,BCN,5796
0,0,2015-11-11,0,0,0,0,BCN,5338
0,0,2015-11-12,0,0,0,0,BCN,5379
0,0,2015-11-13,0,0,0,0,BCN,5281
0,0,2015-11-14,0,0,0,0,BCN,5300
0,0,2015-11-15,0,0,0,0,BCN,5292
0,0,2015-11-16,0,0,0,0,BCN,5178
0,0,2015-11-17,0,0,0,0,BCN,5245
0,0,2015-11-18,0,0,0,0,BCN,5208
0,0,2015-11-19,0,0,0,0,BCN,5178
0,0,2015-11-20,0,0,0,0,BCN,5035
0,0,2015-11-21,0,0,0,0,BCN,4970
0,0,2015-11-22,0,0,0,0,BCN,4995
0,0,2015-11-23,0,0,0,0,BCN,4954
0,0,2015-11-24,0,0,0,0,BCN,4959.79
0,0,2015-11-25,0,0,0,0,BCN,4901.39
0,0,2015-11-26,0,0,0,0,BCN,5299.2
0,0,2015-11-27,0,0,0,0,BCN,5319
0,0,2015-11-28,0,0,0,0,BCN,5290
0,0,2015-11-29,0,0,0,0,BCN,5279.46
0,0,2015-11-30,0,0,0,0,BCN,5600
0,0,2015-12-01,0,0,0,0,BCN,5550
0,0,2015-12-02,0,0,0,0,BCN,5484
0,0,2015-12-03,0,0,0,0,BCN,5550
0,0,2015-12-04,0,0,0,0,BCN,5470
0,0,2015-12-05,0,0,0,0,BCN,5600
0,0,2015-12-06,0,0,0,0,BCN,5741.23
0,0,2015-12-07,0,0,0,0,BCN,5950
0,0,2015-12-08,0,0,0,0,BCN,5989
0,0,2015-12-09,0,0,0,0,BCN,6350
0,0,2015-12-10,0,0,0,0,BCN,6450
0,0,2015-12-11,0,0,0,0,BCN,7449
0,0,2015-12-12,0,0,0,0,BCN,7580
0,0,2015-12-13,0,0,0,0,BCN,7580
0,0,2015-12-14,0,0,0,0,BCN,7212
0,0,2015-12-15,0,0,0,0,BCN,7448
0,0,2015-12-16,0,0,0,0,BCN,7442
0,0,2015-12-17,0,0,0,0,BCN,7444
0,0,2015-12-18,0,0,0,0,BCN,7652
0,0,2015-12-19,0,0,0,0,BCN,7881
0,0,2015-12-20,0,0,0,0,BCN,7702
0,0,2015-12-21,0,0,0,0,BCN,7415
0,0,2015-12-22,0,0,0,0,BCN,7499
0,0,2015-12-23,0,0,0,0,BCN,7400
0,0,2015-12-24,0,0,0,0,BCN,7509
0,0,2015-12-25,0,0,0,0,BCN,7509
0,0,2015-12-26,0,0,0,0,BCN,7505.63
0,0,2015-12-27,0,0,0,0,BCN,7349
0,0,2015-12-28,0,0,0,0,BCN,7350
0,0,2015-12-29,0,0,0,0,BCN,7289
0,0,2015-12-30,0,0,0,0,BCN,7399
0,0,2015-12-31,0,0,0,0,BCN,7250
0,0,2016-01-01,0,0,0,0,BCN,7397
0,0,2016-01-02,0,0,0,0,BCN,7500
0,0,2016-01-03,0,0,0,0,BCN,7407
0,0,2016-01-04,0,0,0,0,BCN,7394
0,0,2016-01-05,0,0,0,0,BCN,7495
0,0,2016-01-06,0,0,0,0,BCN,7424
0,0,2016-01-07,0,0,0,0,BCN,7905
0,0,2016-01-08,0,0,0,0,BCN,7867
0,0,2016-01-09,0,0,0,0,BCN,7730
0,0,2016-01-10,0,0,0,0,BCN,7717
0,0,2016-01-11,0,0,0,0,BCN,7759
0,0,2016-01-12,0,0,0,0,BCN,7851
0,0,2016-01-13,0,0,0,0,BCN,7797
0,0,2016-01-14,0,0,0,0,BCN,7724
0,0,2016-01-15,0,0,0,0,BCN,7700
0,0,2016-01-16,0,0,0,0,BCN,7106
0,0,2016-01-17,0,0,0,0,BCN,7162
0,0,2016-01-18,0,0,0,0,BCN,7162
0,0,2016-01-19,0,0,0,0,BCN,7161
0,0,2016-01-20,0,0,0,0,BCN,7500
0,0,2016-01-21,0,0,0,0,BCN,7539
0,0,2016-01-22,0,0,0,0,BCN,7301
0,0,2016-01-23,0,0,0,0,BCN,7180
0,0,2016-01-24,0,0,0,0,BCN,7305
0,0,2016-01-25,0,0,0,0,BCN,7349
0,0,2016-01-26,0,0,0,0,BCN,7125
0,0,2016-01-27,0,0,0,0,BCN,7125
0,0,2016-01-28,0,0,0,0,BCN,7068
0,0,2016-01-29,0,0,0,0,BCN,6945
0,0,2016-01-30,0,0,0,0,BCN,6700
0,0,2016-01-31,0,0,0,0,BCN,6660
0,0,2016-02-01,0,0,0,0,BCN,6690
0,0,2016-02-02,0,0,0,0,BCN,6869
0,0,2016-02-03,0,0,0,0,BCN,6835
0,0,2016-02-04,0,0,0,0,BCN,6835
0,0,2016-02-05,0,0,0,0,BCN,6899
0,0,2016-02-06,0,0,0,0,BCN,7050
0,0,2016-02-07,0,0,0,0,BCN,6849
0,0,2016-02-08,0,0,0,0,BCN,6859
0,0,2016-02-09,0,0,0,0,BCN,6850
0,0,2016-02-10,0,0,0,0,BCN,6779
0,0,2016-02-11,0,0,0,0,BCN,6780
0,0,2016-02-12,0,0,0,0,BCN,6793
0,0,2016-02-13,0,0,0,0,BCN,6900
0,0,2016-02-14,0,0,0,0,BCN,7000
0,0,2016-02-15,0,0,0,0,BCN,7018
0,0,2016-02-16,0,0,0,0,BCN,7012
0,0,2016-02-17,0,0,0,0,BCN,7094
0,0,2016-02-18,0,0,0,0,BCN,7167
0,0,2016-02-19,0,0,0,0,BCN,7165
0,0,2016-02-20,0,0,0,0,BCN,7399
0,0,2016-02-21,0,0,0,0,BCN,7399
0,0,2016-02-22,0,0,0,0,BCN,7288
0,0,2016-02-23,0,0,0,0,BCN,7390
0,0,2016-02-24,0,0,0,0,BCN,7250
0,0,2016-02-25,0,0,0,0,BCN,7295
0,0,2016-02-26,0,0,0,0,BCN,7211
0,0,2016-02-27,0,0,0,0,BCN,7450
0,0,2016-02-28,0,0,0,0,BCN,7485
0,0,2016-02-29,0,0,0,0,BCN,7698
0,0,2016-03-01,0,0,0,0,BCN,7613
0,0,2016-03-02,0,0,0,0,BCN,7675
0,0,2016-03-03,0,0,0,0,BCN,7619
0,0,2016-03-04,0,0,0,0,BCN,7550
0,0,2016-03-05,0,0,0,0,BCN,7510
0,0,2016-03-06,0,0,0,0,BCN,7449
0,0,2016-03-07,0,0,0,0,BCN,7400
0,0,2016-03-08,0,0,0,0,BCN,7403
0,0,2016-03-09,0,0,0,0,BCN,7385
0,0,2016-03-10,0,0,0,0,BCN,7549
0,0,2016-03-11,0,0,0,0,BCN,7590
0,0,2016-03-12,0,0,0,0,BCN,7527
0,0,2016-03-13,0,0,0,0,BCN,7439
0,0,2016-03-14,0,0,0,0,BCN,7450
0,0,2016-03-15,0,0,0,0,BCN,7487
0,0,2016-03-16,0,0,0,0,BCN,7500
0,0,2016-03-17,0,0,0,0,BCN,7533
0,0,2016-03-18,0,0,0,0,BCN,7504
0,0,2016-03-19,0,0,0,0,BCN,7489
0,0,2016-03-20,0,0,0,0,BCN,7480
0,0,2016-03-21,0,0,0,0,BCN,7428
0,0,2016-03-22,0,0,0,0,BCN,7460
0,0,2016-03-23,0,0,0,0,BCN,7415
0,0,2016-03-24,0,0,0,0,BCN,7405
0,0,2016-03-25,0,0,0,0,BCN,7395
0,0,2016-03-26,0,0,0,0,BCN,7305
0,0,2016-03-27,0,0,0,0,BCN,7364
0,0,2016-03-28,0,0,0,0,BCN,7412
0,0,2016-03-29,0,0,0,0,BCN,7410
0,0,2016-03-30,0,0,0,0,BCN,7344
0,0,2016-03-31,0,0,0,0,BCN,7265
0,0,2016-04-01,0,0,0,0,BCN,7227
0,0,2016-04-02,0,0,0,0,BCN,7166
0,0,2016-04-03,0,0,0,0,BCN,7140
0,0,2016-04-04,0,0,0,0,BCN,7140
0,0,2016-04-05,0,0,0,0,BCN,7100
0,0,2016-04-06,0,0,0,0,BCN,7000
0,0,2016-04-07,0,0,0,0,BCN,6954
0,0,2016-04-08,0,0,0,0,BCN,6999
0,0,2016-04-09,0,0,0,0,BCN,6994
0,0,2016-04-10,0,0,0,0,BCN,6981
0,0,2016-04-11,0,0,0,0,BCN,6982
0,0,2016-04-12,0,0,0,0,BCN,7099
0,0,2016-04-13,0,0,0,0,BCN,7000
0,0,2016-04-14,0,0,0,0,BCN,6888
0,0,2016-04-15,0,0,0,0,BCN,6750
0,0,2016-04-16,0,0,0,0,BCN,6914
0,0,2016-04-17,0,0,0,0,BCN,6878
0,0,2016-04-18,0,0,0,0,BCN,6812
0,0,2016-04-19,0,0,0,0,BCN,6775
0,0,2016-04-20,0,0,0,0,BCN,6756
0,0,2016-04-21,0,0,0,0,BCN,6909
0,0,2016-04-22,0,0,0,0,BCN,6950
0,0,2016-04-23,0,0,0,0,BCN,6995
0,0,2016-04-24,0,0,0,0,BCN,7100
0,0,2016-04-25,0,0,0,0,BCN,7200
0,0,2016-04-26,0,0,0,0,BCN,7300
0,0,2016-04-27,0,0,0,0,BCN,7340
0,0,2016-04-28,0,0,0,0,BCN,7125
0,0,2016-04-29,0,0,0,0,BCN,7150
0,0,2016-04-30,0,0,0,0,BCN,7136
0,0,2016-05-01,0,0,0,0,BCN,7130
0,0,2016-05-02,0,0,0,0,BCN,7129
0,0,2016-05-03,0,0,0,0,BCN,7094
0,0,2016-05-04,0,0,0,0,BCN,7097
0,0,2016-05-05,0,0,0,0,BCN,7140
0,0,2016-05-06,0,0,0,0,BCN,7174
0,0,2016-05-07,0,0,0,0,BCN,7296
0,0,2016-05-08,0,0,0,0,BCN,7333
0,0,2016-05-09,0,0,0,0,BCN,7448
0,0,2016-05-10,0,0,0,0,BCN,7500
0,0,2016-05-11,0,0,0,0,BCN,7479
0,0,2016-05-12,0,0,0,0,BCN,7550
0,0,2016-05-13,0,0,0,0,BCN,7519
0,0,2016-05-14,0,0,0,0,BCN,7535
0,0,2016-05-15,0,0,0,0,BCN,7545
0,0,2016-05-16,0,0,0,0,BCN,7565
0,0,2016-05-17,0,0,0,0,BCN,7676
0,0,2016-05-18,0,0,0,0,BCN,7649
0,0,2016-05-19,0,0,0,0,BCN,7595
0,0,2016-05-20,0,0,0,0,BCN,7521
0,0,2016-05-21,0,0,0,0,BCN,7525
0,0,2016-05-22,0,0,0,0,BCN,7548
0,0,2016-05-23,0,0,0,0,BCN,7510
0,0,2016-05-24,0,0,0,0,BCN,7509
0,0,2016-05-25,0,0,0,0,BCN,7476
0,0,2016-05-26,0,0,0,0,BCN,7450
0,0,2016-05-27,0,0,0,0,BCN,7796
0,0,2016-05-28,0,0,0,0,BCN,8498
0,0,2016-05-29,0,0,0,0,BCN,8680
0,0,2016-05-30,0,0,0,0,BCN,9500
0,0,2016-05-31,0,0,0,0,BCN,9450
0,0,2016-06-01,0,0,0,0,BCN,9075
0,0,2016-06-02,0,0,0,0,BCN,9040
0,0,2016-06-03,0,0,0,0,BCN,9332
0,0,2016-06-04,0,0,0,0,BCN,9594
0,0,2016-06-05,0,0,0,0,BCN,9500
0,0,2016-06-06,0,0,0,0,BCN,9500
0,0,2016-06-07,0,0,0,0,BCN,9700
0,0,2016-06-08,0,0,0,0,BCN,9450
0,0,2016-06-09,0,0,0,0,BCN,9283
0,0,2016-06-10,0,0,0,0,BCN,9300
0,0,2016-06-11,0,0,0,0,BCN,9550
0,0,2016-06-12,0,0,0,0,BCN,10643
0,0,2016-06-13,0,0,0,0,BCN,11494
0,0,2016-06-14,0,0,0,0,BCN,11300
0,0,2016-06-15,0,0,0,0,BCN,11200
0,0,2016-06-16,0,0,0,0,BCN,12470
0,0,2016-06-17,0,0,0,0,BCN,12463
0,0,2016-06-18,0,0,0,0,BCN,12463
0,0,2016-06-19,0,0,0,0,BCN,12495
0,0,2016-06-20,0,0,0,0,BCN,12448
0,0,2016-06-21,0,0,0,0,BCN,11850
0,0,2016-06-22,0,0,0,0,BCN,10800
0,0,2016-06-23,0,0,0,0,BCN,10330
0,0,2016-06-24,0,0,0,0,BCN,11501
0,0,2016-06-25,0,0,0,0,BCN,10880
0,0,2016-06-26,0,0,0,0,BCN,10660
0,0,2016-06-27,0,0,0,0,BCN,10500
0,0,2016-06-28,0,0,0,0,BCN,10699
0,0,2016-06-29,0,0,0,0,BCN,10550
0,0,2016-06-30,0,0,0,0,BCN,10589
0,0,2016-07-01,0,0,0,0,BCN,10971
0,0,2016-07-02,0,0,0,0,BCN,10820
0,0,2016-07-03,0,0,0,0,BCN,10839
0,0,2016-07-04,0,0,0,0,BCN,10597
0,0,2016-07-05,0,0,0,0,BCN,10652
0,0,2016-07-06,0,0,0,0,BCN,10650
0,0,2016-07-07,0,0,0,0,BCN,10618
0,0,2016-07-08,0,0,0,0,BCN,10350
0,0,2016-07-09,0,0,0,0,BCN,10310
0,0,2016-07-10,0,0,0,0,BCN,10275
0,0,2016-07-11,0,0,0,0,BCN,10249
0,0,2016-07-12,0,0,0,0,BCN,10300
0,0,2016-07-13,0,0,0,0,BCN,10300
0,0,2016-07-14,0,0,0,0,BCN,10296
0,0,2016-07-15,0,0,0,0,BCN,10155
0,0,2016-07-16,0,0,0,0,BCN,10214
0,0,2016-07-17,0,0,0,0,BCN,10200
0,0,2016-07-18,0,0,0,0,BCN,10298
0,0,2016-07-19,0,0,0,0,BCN,10240
0,0,2016-07-20,0,0,0,0,BCN,10185
0,0,2016-07-21,0,0,0,0,BCN,10160
0,0,2016-07-22,0,0,0,0,BCN,10150
0,0,2016-07-23,0,0,0,0,BCN,10140
0,0,2016-07-24,0,0,0,0,BCN,10149
0,0,2016-07-25,0,0,0,0,BCN,10148
0,0,2016-07-26,0,0,0,0,BCN,10059
0,0,2016-07-27,0,0,0,0,BCN,10065
0,0,2016-07-28,0,0,0,0,BCN,10200
0,0,2016-07-29,0,0,0,0,BCN,9970
0,0,2016-07-30,0,0,0,0,BCN,9914
0,0,2016-07-31,0,0,0,0,BCN,9875
0,0,2016-08-01,0,0,0,0,BCN,9473
0,0,2016-08-02,0,0,0,0,BCN,9197
0,0,2016-08-03,0,0,0,0,BCN,8859
0,0,2016-08-04,0,0,0,0,BCN,8940
0,0,2016-08-05,0,0,0,0,BCN,8700
0,0,2016-08-06,0,0,0,0,BCN,8700
0,0,2016-08-07,0,0,0,0,BCN,9062
0,0,2016-08-08,0,0,0,0,BCN,8999
0,0,2016-08-09,0,0,0,0,BCN,8808
0,0,2016-08-10,0,0,0,0,BCN,8668
0,0,2016-08-11,0,0,0,0,BCN,8543
0,0,2016-08-12,0,0,0,0,BCN,8480
0,0,2016-08-13,0,0,0,0,BCN,8450
0,0,2016-08-14,0,0,0,0,BCN,8445
0,0,2016-08-15,0,0,0,0,BCN,8180
0,0,2016-08-16,0,0,0,0,BCN,8100
0,0,2016-08-17,0,0,0,0,BCN,8044
0,0,2016-08-18,0,0,0,0,BCN,8149
0,0,2016-08-19,0,0,0,0,BCN,8549
0,0,2016-08-20,0,0,0,0,BCN,8685
0,0,2016-08-21,0,0,0,0,BCN,8700
0,0,2016-08-22,0,0,0,0,BCN,8614
0,0,2016-08-23,0,0,0,0,BCN,8600
0,0,2016-08-24,0,0,0,0,BCN,8548
0,0,2016-08-25,0,0,0,0,BCN,8499
0,0,2016-08-26,0,0,0,0,BCN,8450
0,0,2016-08-27,0,0,0,0,BCN,8498
0,0,2016-08-28,0,0,0,0,BCN,8396
0,0,2016-08-29,0,0,0,0,BCN,8469
0,0,2016-08-30,0,0,0,0,BCN,8490
0,0,2016-08-31,0,0,0,0,BCN,8530
0,0,2016-09-01,0,0,0,0,BCN,8612
0,0,2016-09-02,0,0,0,0,BCN,8671
0,0,2016-09-03,0,0,0,0,BCN,9003
0,0,2016-09-04,0,0,0,0,BCN,9148
0,0,2016-09-05,0,0,0,0,BCN,9405
0,0,2016-09-06,0,0,0,0,BCN,9383
0,0,2016-09-07,0,0,0,0,BCN,9299
0,0,2016-09-08,0,0,0,0,BCN,9289
0,0,2016-09-09,0,0,0,0,BCN,9235
0,0,2016-09-10,0,0,0,0,BCN,9299
0,0,2016-09-11,0,0,0,0,BCN,9300
0,0,2016-09-12,0,0,0,0,BCN,9174
0,0,2016-09-13,0,0,0,0,BCN,9171
0,0,2016-09-14,0,0,0,0,BCN,9171
0,0,2016-09-15,0,0,0,0,BCN,9191
0,0,2016-09-16,0,0,0,0,BCN,9120
0,0,2016-09-17,0,0,0,0,BCN,9120
0,0,2016-09-18,0,0,0,0,BCN,9146
0,0,2016-09-19,0,0,0,0,BCN,9134
0,0,2016-09-20,0,0,0,0,BCN,9105
0,0,2016-09-21,0,0,0,0,BCN,8900
0,0,2016-09-22,0,0,0,0,BCN,8700
0,0,2016-09-23,0,0,0,0,BCN,8720
0,0,2016-09-24,0,0,0,0,BCN,8950
0,0,2016-09-25,0,0,0,0,BCN,8850
0,0,2016-09-26,0,0,0,0,BCN,8850
0,0,2016-09-27,0,0,0,0,BCN,8840
0,0,2016-09-28,0,0,0,0,BCN,8742
0,0,2016-09-29,0,0,0,0,BCN,8750
0,0,2016-09-30,0,0,0,0,BCN,8825
0,0,2016-10-01,0,0,0,0,BCN,8747
0,0,2016-10-02,0,0,0,0,BCN,8798
0,0,2016-10-03,0,0,0,0,BCN,8798
0,0,2016-10-04,0,0,0,0,BCN,8795
0,0,2016-10-05,0,0,0,0,BCN,8800
0,0,2016-10-06,0,0,0,0,BCN,8800
0,0,2016-10-07,0,0,0,0,BCN,8889
0,0,2016-10-08,0,0,0,0,BCN,8949
0,0,2016-10-09,0,0,0,0,BCN,8926
0,0,2016-10-10,0,0,0,0,BCN,8900
0,0,2016-10-11,0,0,0,0,BCN,9443
0,0,2016-10-12,0,0,0,0,BCN,9499
0,0,2016-10-13,0,0,0,0,BCN,9400
0,0,2016-10-14,0,0,0,0,BCN,9479
0,0,2016-10-15,0,0,0,0,BCN,9390
0,0,2016-10-16,0,0,0,0,BCN,9395
0,0,2016-10-17,0,0,0,0,BCN,9450
0,0,2016-10-18,0,0,0,0,BCN,9410
0,0,2016-10-19,0,0,0,0,BCN,9285
0,0,2016-10-20,0,0,0,0,BCN,9220
0,0,2016-10-21,0,0,0,0,BCN,9195
0,0,2016-10-22,0,0,0,0,BCN,9600
0,0,2016-10-23,0,0,0,0,BCN,9490
0,0,2016-10-24,0,0,0,0,BCN,9435
0,0,2016-10-25,0,0,0,0,BCN,9438
0,0,2016-10-26,0,0,0,0,BCN,9648
0,0,2016-10-27,0,0,0,0,BCN,9994
0,0,2016-10-28,0,0,0,0,BCN,10100
0,0,2016-10-29,0,0,0,0,BCN,10450
0,0,2016-10-30,0,0,0,0,BCN,10400
0,0,2016-10-31,0,0,0,0,BCN,10290
0,0,2016-11-01,0,0,0,0,BCN,10492
0,0,2016-11-02,0,0,0,0,BCN,10500
0,0,2016-11-03,0,0,0,0,BCN,10447
0,0,2016-11-04,0,0,0,0,BCN,10126
0,0,2016-11-05,0,0,0,0,BCN,10182
0,0,2016-11-06,0,0,0,0,BCN,10283
0,0,2016-11-07,0,0,0,0,BCN,10395
0,0,2016-11-08,0,0,0,0,BCN,10245
0,0,2016-11-09,0,0,0,0,BCN,10750
0,0,2016-11-10,0,0,0,0,BCN,10405
0,0,2016-11-11,0,0,0,0,BCN,10640
0,0,2016-11-12,0,0,0,0,BCN,10647
0,0,2016-11-13,0,0,0,0,BCN,10547
0,0,2016-11-14,0,0,0,0,BCN,10501
0,0,2016-11-15,0,0,0,0,BCN,10648
0,0,2016-11-16,0,0,0,0,BCN,10933
0,0,2016-11-17,0,0,0,0,BCN,11200
0,0,2016-11-18,0,0,0,0,BCN,11475
0,0,2016-11-19,0,0,0,0,BCN,11500
0,0,2016-11-20,0,0,0,0,BCN,11511
0,0,2016-11-21,0,0,0,0,BCN,11286
0,0,2016-11-22,0,0,0,0,BCN,11342
0,0,2016-11-23,0,0,0,0,BCN,11340
0,0,2016-11-24,0,0,0,0,BCN,11302
0,0,2016-11-25,0,0,0,0,BCN,11350
0,0,2016-11-26,0,0,0,0,BCN,11343
0,0,2016-11-27,0,0,0,0,BCN,14029.85
0,0,2016-11-28,0,0,0,0,BCN,11199
0,0,2016-11-29,0,0,0,0,BCN,11250
0,0,2016-11-30,0,0,0,0,BCN,11236
0,0,2016-12-01,0,0,0,0,BCN,11250
0,0,2016-12-02,0,0,0,0,BCN,11484
0,0,2016-12-03,0,0,0,0,BCN,11386
0,0,2016-12-04,0,0,0,0,BCN,11330
0,0,2016-12-05,0,0,0,0,BCN,11290
0,0,2016-12-06,0,0,0,0,BCN,11238
0,0,2016-12-07,0,0,0,0,BCN,11235
0,0,2016-12-08,0,0,0,0,BCN,11245
0,0,2016-12-09,0,0,0,0,BCN,11298
0,0,2016-12-10,0,0,0,0,BCN,11320
0,0,2016-12-11,0,0,0,0,BCN,11291
0,0,2016-12-12,0,0,0,0,BCN,11399
0,0,2016-12-13,0,0,0,0,BCN,11348
0,0,2016-12-14,0,0,0,0,BCN,11310
0,0,2016-12-15,0,0,0,0,BCN,11300
0,0,2016-12-16,0,0,0,0,BCN,11398
0,0,2016-12-17,0,0,0,0,BCN,11390
0,0,2016-12-18,0,0,0,0,BCN,11400
0,0,2016-12-19,0,0,0,0,BCN,11578
0,0,2016-12-20,0,0,0,0,BCN,11578
0,0,2016-12-21,0,0,0,0,BCN,12047
0,0,2016-12-22,0,0,0,0,BCN,12960
0,0,2016-12-23,0,0,0,0,BCN,13700
0,0,2016-12-24,0,0,0,0,BCN,13699
0,0,2016-12-25,0,0,0,0,BCN,13296
0,0,2016-12-26,0,0,0,0,BCN,13350
0,0,2016-12-27,0,0,0,0,BCN,13650
0,0,2016-12-28,0,0,0,0,BCN,13987
0,0,2016-12-29,0,0,0,0,BCN,14400
0,0,2016-12-30,0,0,0,0,BCN,14184
0,0,2016-12-31,0,0,0,0,BCN,14250
0,0,2017-01-01,0,0,0,0,BCN,14850
0,0,2017-01-02,0,0,0,0,BCN,15325
0,0,2017-01-03,0,0,0,0,BCN,15277
0,0,2017-01-04,0,0,0,0,BCN,16446
0,0,2017-01-05,0,0,0,0,BCN,17500
0,0,2017-01-06,0,0,0,0,BCN,15230
0,0,2017-01-07,0,0,0,0,BCN,14601
0,0,2017-01-08,0,0,0,0,BCN,14401
0,0,2017-01-09,0,0,0,0,BCN,13521
0,0,2017-01-10,0,0,0,0,BCN,13449
0,0,2017-01-11,0,0,0,0,BCN,13433
0,0,2017-01-12,0,0,0,0,BCN,11999
0,0,2017-01-13,0,0,0,0,BCN,12497
0,0,2017-01-14,0,0,0,0,BCN,12149
0,0,2017-01-15,0,0,0,0,BCN,12070
0,0,2017-01-16,0,0,0,0,BCN,12300
0,0,2017-01-17,0,0,0,0,BCN,12998
0,0,2017-01-18,0,0,0,0,BCN,12986
0,0,2017-01-19,0,0,0,0,BCN,12800
0,0,2017-01-20,0,0,0,0,BCN,12793
0,0,2017-01-21,0,0,0,0,BCN,12991
0,0,2017-01-22,0,0,0,0,BCN,12995
0,0,2017-01-23,0,0,0,0,BCN,12850
0,0,2017-01-24,0,0,0,0,BCN,12850
0,0,2017-01-25,0,0,0,0,BCN,12808
0,0,2017-01-26,0,0,0,0,BCN,12902
0,0,2017-01-27,0,0,0,0,BCN,12998
0,0,2017-01-28,0,0,0,0,BCN,12999
0,0,2017-01-29,0,0,0,0,BCN,12999
0,0,2017-01-30,0,0,0,0,BCN,13188
0,0,2017-01-31,0,0,0,0,BCN,13650
0,0,2017-02-01,0,0,0,0,BCN,13994
0,0,2017-02-02,0,0,0,0,BCN,14498
0,0,2017-02-03,0,0,0,0,BCN,14844
0,0,2017-02-04,0,0,0,0,BCN,14790
0,0,2017-02-05,0,0,0,0,BCN,14750
0,0,2017-02-06,0,0,0,0,BCN,14635
0,0,2017-02-07,0,0,0,0,BCN,14949
0,0,2017-02-08,0,0,0,0,BCN,14995
0,0,2017-02-09,0,0,0,0,BCN,15000
0,0,2017-02-10,0,0,0,0,BCN,14300
0,0,2017-02-11,0,0,0,0,BCN,14620
0,0,2017-02-12,0,0,0,0,BCN,14372
0,0,2017-02-13,0,0,0,0,BCN,14289
0,0,2017-02-14,0,0,0,0,BCN,14430
0,0,2017-02-15,0,0,0,0,BCN,14240
0,0,2017-02-16,0,0,0,0,BCN,14388
0,0,2017-02-17,0,0,0,0,BCN,14400
0,0,2017-02-18,0,0,0,0,BCN,14500
0,0,2017-02-19,0,0,0,0,BCN,14495
0,0,2017-02-20,0,0,0,0,BCN,14900
0,0,2017-02-21,0,0,0,0,BCN,15249
0,0,2017-02-22,0,0,0,0,BCN,15397
0,0,2017-02-23,0,0,0,0,BCN,15688
0,0,2017-02-24,0,0,0,0,BCN,16557
0,0,2017-02-25,0,0,0,0,BCN,16230
0,0,2017-02-26,0,0,0,0,BCN,15900
0,0,2017-02-27,0,0,0,0,BCN,16114
0,0,2017-02-28,0,0,0,0,BCN,16243
0,0,2017-03-01,0,0,0,0,BCN,16636
0,0,2017-03-02,0,0,0,0,BCN,17500
0,0,2017-03-03,0,0,0,0,BCN,17748
0,0,2017-03-04,0,0,0,0,BCN,17874
0,0,2017-03-05,0,0,0,0,BCN,17550
0,0,2017-03-06,0,0,0,0,BCN,17665
0,0,2017-03-07,0,0,0,0,BCN,17595
0,0,2017-03-08,0,0,0,0,BCN,17050
0,0,2017-03-09,0,0,0,0,BCN,16720
0,0,2017-03-10,0,0,0,0,BCN,17300
0,0,2017-03-11,0,0,0,0,BCN,16797
0,0,2017-03-12,0,0,0,0,BCN,17001
0,0,2017-03-13,0,0,0,0,BCN,17320
0,0,2017-03-14,0,0,0,0,BCN,17300
0,0,2017-03-15,0,0,0,0,BCN,17398
0,0,2017-03-16,0,0,0,0,BCN,17257
0,0,2017-03-17,0,0,0,0,BCN,16150
0,0,2017-03-18,0,0,0,0,BCN,15043
0,0,2017-03-19,0,0,0,0,BCN,14398
0,0,2017-03-20,0,0,0,0,BCN,14335
0,0,2017-03-21,0,0,0,0,BCN,14748
0,0,2017-03-22,0,0,0,0,BCN,14746
0,0,2017-03-23,0,0,0,0,BCN,13564
0,0,2017-03-24,0,0,0,0,BCN,13453
0,0,2017-03-25,0,0,0,0,BCN,12494
0,0,2017-03-26,0,0,0,0,BCN,13190
0,0,2017-03-27,0,0,0,0,BCN,13997
0,0,2017-03-28,0,0,0,0,BCN,15335
0,0,2017-03-29,0,0,0,0,BCN,14599
0,0,2017-03-30,0,0,0,0,BCN,14776
0,0,2017-03-31,0,0,0,0,BCN,15442
0,0,2017-04-01,0,0,0,0,BCN,15579
0,0,2017-04-02,0,0,0,0,BCN,15570
0,0,2017-04-03,0,0,0,0,BCN,16675
0,0,2017-04-04,0,0,0,0,BCN,17132
0,0,2017-04-05,0,0,0,0,BCN,16629
0,0,2017-04-06,0,0,0,0,BCN,16803
0,0,2017-04-07,0,0,0,0,BCN,17000
0,0,2017-04-08,0,0,0,0,BCN,17000
0,0,2017-04-09,0,0,0,0,BCN,17131
0,0,2017-04-10,0,0,0,0,BCN,17150
0,0,2017-04-11,0,0,0,0,BCN,17306
0,0,2017-04-12,0,0,0,0,BCN,17273
0,0,2017-04-13,0,0,0,0,BCN,17098
0,0,2017-04-14,0,0,0,0,BCN,16899
0,0,2017-04-15,0,0,0,0,BCN,16889
0,0,2017-04-16,0,0,0,0,BCN,16889
0,0,2017-04-17,0,0,0,0,BCN,17000
0,0,2017-04-18,0,0,0,0,BCN,17149
0,0,2017-04-19,0,0,0,0,BCN,17090
0,0,2017-04-20,0,0,0,0,BCN,17175
0,0,2017-04-21,0,0,0,0,BCN,17399
0,0,2017-04-22,0,0,0,0,BCN,17275
0,0,2017-04-23,0,0,0,0,BCN,17200
0,0,2017-04-24,0,0,0,0,BCN,17301
0,0,2017-04-25,0,0,0,0,BCN,17484
0,0,2017-04-26,0,0,0,0,BCN,17848
0,0,2017-04-27,0,0,0,0,BCN,18350
0,0,2017-04-28,0,0,0,0,BCN,18340
0,0,2017-04-29,0,0,0,0,BCN,18350
0,0,2017-04-30,0,0,0,0,BCN,18450
0,0,2017-05-01,0,0,0,0,BCN,19620
0,0,2017-05-02,0,0,0,0,BCN,20000
0,0,2017-05-03,0,0,0,0,BCN,21010
0,0,2017-05-04,0,0,0,0,BCN,23484
0,0,2017-05-05,0,0,0,0,BCN,24900
0,0,2017-05-06,0,0,0,0,BCN,24820
0,0,2017-05-07,0,0,0,0,BCN,23981
0,0,2017-05-08,0,0,0,0,BCN,24299
0,0,2017-05-09,0,0,0,0,BCN,27550
0,0,2017-05-10,0,0,0,0,BCN,27000
0,0,2017-05-11,0,0,0,0,BCN,28470
0,0,2017-05-12,0,0,0,0,BCN,28200
0,0,2017-05-13,0,0,0,0,BCN,26900
0,0,2017-05-14,0,0,0,0,BCN,27900
0,0,2017-05-15,0,0,0,0,BCN,27701
0,0,2017-05-16,0,0,0,0,BCN,26804
0,0,2017-05-17,0,0,0,0,BCN,27002
0,0,2017-05-18,0,0,0,0,BCN,26999
0,0,2017-05-19,0,0,0,0,BCN,28200
0,0,2017-05-20,0,0,0,0,BCN,28500
0,0,2017-05-21,0,0,0,0,BCN,29500
0,0,2017-05-22,0,0,0,0,BCN,34600
0,0,2017-05-23,0,0,0,0,BCN,35000
0,0,2017-05-24,0,0,0,0,BCN,39000
0,0,2017-05-25,0,0,0,0,BCN,48999
0,0,2017-05-26,0,0,0,0,BCN,42000
0,0,2017-05-27,0,0,0,0,BCN,36805
0,0,2017-05-28,0,0,0,0,BCN,38000
0,0,2017-05-29,0,0,0,0,BCN,37489
0,0,2017-05-30,0,0,0,0,BCN,37150
0,0,2017-05-31,0,0,0,0,BCN,35800
0,0,2017-06-01,0,0,0,0,BCN,35998
0,0,2017-06-02,0,0,0,0,BCN,35999
0,0,2017-06-03,0,0,0,0,BCN,37496
0,0,2017-06-04,0,0,0,0,BCN,37096
0,0,2017-06-05,0,0,0,0,BCN,37055
0,0,2017-06-06,0,0,0,0,BCN,40498
0,0,2017-06-07,0,0,0,0,BCN,40279
0,0,2017-06-08,0,0,0,0,BCN,39650
0,0,2017-06-09,0,0,0,0,BCN,39599
0,0,2017-06-10,0,0,0,0,BCN,40758
0,0,2017-06-11,0,0,0,0,BCN,41999
0,0,2017-06-12,0,0,0,0,BCN,43499
0,0,2017-06-13,0,0,0,0,BCN,40500
0,0,2017-06-14,0,0,0,0,BCN,40250
0,0,2017-06-15,0,0,0,0,BCN,37698
0,0,2017-06-16,0,0,0,0,BCN,37500
0,0,2017-06-17,0,0,0,0,BCN,37997
0,0,2017-06-18,0,0,0,0,BCN,37950
0,0,2017-06-19,0,0,0,0,BCN,37310
0,0,2017-06-20,0,0,0,0,BCN,38400
0,0,2017-06-21,0,0,0,0,BCN,39245
0,0,2017-06-22,0,0,0,0,BCN,37948
0,0,2017-06-23,0,0,0,0,BCN,37999
0,0,2017-06-24,0,0,0,0,BCN,37999
0,0,2017-06-25,0,0,0,0,BCN,37300
0,0,2017-06-26,0,0,0,0,BCN,36890
0,0,2017-06-27,0,0,0,0,BCN,36240
0,0,2017-06-28,0,0,0,0,BCN,36995
0,0,2017-06-29,0,0,0,0,BCN,36699
0,0,2017-06-30,0,0,0,0,BCN,36073
0,0,2017-07-01,0,0,0,0,BCN,35999
0,0,2017-07-02,0,0,0,0,BCN,36590
0,0,2017-07-03,0,0,0,0,BCN,35994
0,0,2017-07-04,0,0,0,0,BCN,36749
0,0,2017-07-05,0,0,0,0,BCN,37604.42
0,0,2017-07-06,0,0,0,0,BCN,36550
0,0,2017-07-07,0,0,0,0,BCN,36330
0,0,2017-07-08,0,0,0,0,BCN,36400
0,0,2017-07-09,0,0,0,0,BCN,36350
0,0,2017-07-10,0,0,0,0,BCN,36299
0,0,2017-07-11,0,0,0,0,BCN,35000
0,0,2017-07-12,0,0,0,0,BCN,34350
0,0,2017-07-13,0,0,0,0,BCN,34200
0,0,2017-07-14,0,0,0,0,BCN,33600
0,0,2017-07-15,0,0,0,0,BCN,28999
0,0,2017-07-16,0,0,0,0,BCN,27600
0,0,2017-07-17,0,0,0,0,BCN,31999
0,0,2017-07-18,0,0,0,0,BCN,31955
0,0,2017-07-19,0,0,0,0,BCN,34116
0,0,2017-07-20,0,0,0,0,BCN,36455
0,0,2017-07-21,0,0,0,0,BCN,37000
0,0,2017-07-22,0,0,0,0,BCN,37997
0,0,2017-07-23,0,0,0,0,BCN,38207
0,0,2017-07-24,0,0,0,0,BCN,37649
0,0,2017-07-25,0,0,0,0,BCN,37499
0,0,2017-07-26,0,0,0,0,BCN,34900
0,0,2017-07-27,0,0,0,0,BCN,35895
0,0,2017-07-28,0,0,0,0,BCN,37499
0,0,2017-07-29,0,0,0,0,BCN,37198
0,0,2017-07-30,0,0,0,0,BCN,36650
0,0,2017-07-31,0,0,0,0,BCN,39000
0,0,2017-08-01,0,0,0,0,BCN,40500
0,0,2017-08-02,0,0,0,0,BCN,38988
0,0,2017-08-03,0,0,0,0,BCN,38756
0,0,2017-08-04,0,0,0,0,BCN,39999
0,0,2017-08-05,0,0,0,0,BCN,46000
0,0,2017-08-06,0,0,0,0,BCN,44949
0,0,2017-08-07,0,0,0,0,BCN,47494
0,0,2017-08-08,0,0,0,0,BCN,49986
0,0,2017-08-09,0,0,0,0,BCN,49400
0,0,2017-08-10,0,0,0,0,BCN,49700
0,0,2017-08-11,0,0,0,0,BCN,53980
0,0,2017-08-12,0,0,0,0,BCN,59900
0,0,2017-08-13,0,0,0,0,BCN,62843
0,0,2017-08-14,0,0,0,0,BCN,64900
0,0,2017-08-15,0,0,0,0,BCN,68449
0,0,2017-08-16,0,0,0,0,BCN,68039.25
0,0,2017-08-17,0,0,0,0,BCN,65790
0,0,2017-08-18,0,0,0,0,BCN,64299
0,0,2017-08-19,0,0,0,0,BCN,63349
0,0,2017-08-20,0,0,0,0,BCN,62499
0,0,2017-08-21,0,0,0,0,BCN,62200
0,0,2017-08-22,0,0,0,0,BCN,61300
0,0,2017-08-23,0,0,0,0,BCN,61460
0,0,2017-08-24,0,0,0,0,BCN,61494
0,0,2017-08-25,0,0,0,0,BCN,64000
0,0,2017-08-26,0,0,0,0,BCN,62937
0,0,2017-08-27,0,0,0,0,BCN,62596
0,0,2017-08-28,0,0,0,0,BCN,62336
0,0,2017-08-29,0,0,0,0,BCN,63500
0,0,2017-08-30,0,0,0,0,BCN,64498
0,0,2017-08-31,0,0,0,0,BCN,65950
0,0,2017-09-01,0,0,0,0,BCN,66901
0,0,2017-09-02,0,0,0,0,BCN,70748.63
0,0,2017-09-03,0,0,0,0,BCN,67780
0,0,2017-09-04,0,0,0,0,BCN,66000
0,0,2017-09-05,0,0,0,0,BCN,64775
0,0,2017-09-06,0,0,0,0,BCN,67500
0,0,2017-09-07,0,0,0,0,BCN,66190
0,0,2017-09-08,0,0,0,0,BCN,66090
0,0,2017-09-09,0,0,0,0,BCN,63999
0,0,2017-09-10,0,0,0,0,BCN,63549
0,0,2017-09-11,0,0,0,0,BCN,63240
0,0,2017-09-12,0,0,0,0,BCN,61851
0,0,2017-09-13,0,0,0,0,BCN,59099
0,0,2017-09-14,0,0,0,0,BCN,55399
0,0,2017-09-15,0,0,0,0,BCN,56850
0,0,2017-09-16,0,0,0,0,BCN,59100
0,0,2017-09-17,0,0,0,0,BCN,55650
0,0,2017-09-18,0,0,0,0,BCN,59900
0,0,2017-09-19,0,0,0,0,BCN,58000
0,0,2017-09-20,0,0,0,0,BCN,56499
0,0,2017-09-21,0,0,0,0,BCN,55427
0,0,2017-09-22,0,0,0,0,BCN,53500
0,0,2017-09-23,0,0,0,0,BCN,55131.96
0,0,2017-09-24,0,0,0,0,BCN,53001
0,0,2017-09-25,0,0,0,0,BCN,55327
0,0,2017-09-26,0,0,0,0,BCN,54756
0,0,2017-09-27,0,0,0,0,BCN,57750
0,0,2017-09-28,0,0,0,0,BCN,59701
0,0,2017-09-29,0,0,0,0,BCN,58000
0,0,2017-09-30,0,0,0,0,BCN,59860
0,0,2017-10-01,0,0,0,0,BCN,59800
0,0,2017-10-02,0,0,0,0,BCN,61950
0,0,2017-10-03,0,0,0,0,BCN,61574
0,0,2017-10-04,0,0,0,0,BCN,60900
0,0,2017-10-05,0,0,0,0,BCN,60786
0,0,2017-10-06,0,0,0,0,BCN,61598
0,0,2017-10-07,0,0,0,0,BCN,61569
0,0,2017-10-08,0,0,0,0,BCN,63972
0,0,2017-10-09,0,0,0,0,BCN,66790
0,0,2017-10-10,0,0,0,0,BCN,67800
0,0,2017-10-11,0,0,0,0,BCN,67499
0,0,2017-10-12,0,0,0,0,BCN,72299.95
0,0,2017-10-13,0,0,0,0,BCN,79199.89
0,0,2017-10-14,0,0,0,0,BCN,78999.93
0,0,2017-10-15,0,0,0,0,BCN,79500.04
0,0,2017-10-16,0,0,0,0,BCN,78988.94
0,0,2017-10-17,0,0,0,0,BCN,79599.91
0,0,2017-10-18,0,0,0,0,BCN,79198.97
0,0,2017-10-19,0,0,0,0,BCN,79236.87
0,0,2017-10-20,0,0,0,0,BCN,84899.95
0,0,2017-10-21,0,0,0,0,BCN,88993.97
0,0,2017-10-22,0,0,0,0,BCN,88797.99
0,0,2017-10-23,0,0,0,0,BCN,88500.99
0,0,2017-10-24,0,0,0,0,BCN,86823.98
0,0,2017-10-25,0,0,0,0,BCN,83267.75
0,0,2017-10-26,0,0,0,0,BCN,88797.93
0,0,2017-10-27,0,0,0,0,BCN,88294.96
0,0,2017-10-28,0,0,0,0,BCN,87598.9
0,0,2017-10-29,0,0,0,0,BCN,89995.79
0,0,2017-10-30,0,0,0,0,BCN,90489.99
0,0,2017-10-31,0,0,0,0,BCN,97867.99
0,0,2017-11-01,0,0,0,0,BCN,107499.97
0,0,2017-11-02,0,0,0,0,BCN,120393.32
0,0,2017-11-03,0,0,0,0,BCN,117389.12
0,0,2017-11-04,0,0,0,0,BCN,115425.97
0,0,2017-11-05,0,0,0,0,BCN,118010.05
0,0,2017-11-06,0,0,0,0,BCN,116994.49
0,0,2017-11-07,0,0,0,0,BCN,114149.92
0,0,2017-11-08,0,0,0,0,BCN,116825.95
0,0,2017-11-09,0,0,0,0,BCN,112602.95
0,0,2017-11-10,0,0,0,0,BCN,110194
0,0,2017-11-11,0,0,0,0,BCN,108294.97
0,0,2017-11-12,0,0,0,0,BCN,103769.98
0,0,2017-11-13,0,0,0,0,BCN,105998
0,0,2017-11-14,0,0,0,0,BCN,104561
0,0,2017-11-15,0,0,0,0,BCN,114499.95
0,0,2017-11-16,0,0,0,0,BCN,115893
0,0,2017-11-17,0,0,0,0,BCN,118500
0,0,2017-11-18,0,0,0,0,BCN,117504
0,0,2017-11-19,0,0,0,0,BCN,118989
0,0,2017-11-20,0,0,0,0,BCN,121998
0,0,2017-11-21,0,0,0,0,BCN,122500
0,0,2017-11-22,0,0,0,0,BCN,124895
0,0,2017-11-23,0,0,0,0,BCN,126990
0,0,2017-11-24,0,0,0,0,BCN,133133
0,0,2017-11-25,0,0,0,0,BCN,144999.93
0,0,2017-11-26,0,0,0,0,BCN,159899.94
0,0,2017-11-27,0,0,0,0,BCN,178000
0,0,2017-11-28,0,0,0,0,BCN,172488.99
0,0,2017-11-29,0,0,0,0,BCN,172039.99
0,0,2017-11-30,0,0,0,0,BCN,167979.98
0,0,2017-12-01,0,0,0,0,BCN,164989.97
0,0,2017-12-02,0,0,0,0,BCN,169498.93
0,0,2017-12-03,0,0,0,0,BCN,171500
0,0,2017-12-04,0,0,0,0,BCN,171502
0,0,2017-12-05,0,0,0,0,BCN,174949.99
0,0,2017-12-06,0,0,0,0,BCN,192809.99
0,0,2017-12-07,0,0,0,0,BCN,244886.24
0,0,2017-12-08,0,0,0,0,BCN,249993.99
0,0,2017-12-09,0,0,0,0,BCN,242446.94
0,0,2017-12-10,0,0,0,0,BCN,235100
0,0,2017-12-11,0,0,0,0,BCN,249998
0,0,2017-12-12,0,0,0,0,BCN,273349.99
0,0,2017-12-13,0,0,0,0,BCN,268099.97
0,0,2017-12-14,0,0,0,0,BCN,266547.24
0,0,2017-12-15,0,0,0,0,BCN,268554.94
0,0,2017-12-16,0,0,0,0,BCN,298498.96
0,0,2017-12-17,0,0,0,0,BCN,319249.99
0,0,2017-12-18,0,0,0,0,BCN,308998.97
0,0,2017-12-19,0,0,0,0,BCN,306999.99
0,0,2017-12-20,0,0,0,0,BCN,289494.93
0,0,2017-12-21,0,0,0,0,BCN,286193.71
0,0,2017-12-22,0,0,0,0,BCN,212500
0.08591,0.09409,2017-12-23,0.07159,0.07671,28649300,2461261.36,BCN,239996.96
0.09307,0.1115,2017-12-24,0.07773,0.08591,29935100,2786059.76,BCN,238974.87
0.09512,0.1125,2017-12-25,0.08693,0.09307,62984800,5991114.18,BCN,220999.92
0.08489,0.1074,2017-12-26,0.06852,0.09512,55660600,4725028.33,BCN,236553
0.08284,0.09409,2017-12-27,0.07875,0.08489,28193900,2335582.68,BCN,239147.41
0.07875,0.08693,2017-12-28,0.07057,0.08284,17881600,1408176,BCN,226999.86
0.0808,0.09103,2017-12-29,0.07671,0.07875,26305500,2125484.4,BCN,214849.98
0.07262,0.08387,2017-12-30,0.06955,0.0808,23150000,1681153,BCN,204439.98
0.0808,0.08387,2017-12-31,0.07057,0.07262,21065500,1702092.4,BCN,199900.94
0.07875,0.08284,2018-01-01,0.07466,0.07773,15741500,1239643.13,BCN,199991
0.07466,0.0808,2018-01-02,0.0675,0.07875,24435100,1824324.57,BCN,206999.97
0.06648,0.07773,2018-01-03,0.06443,0.07466,29383100,1953388.49,BCN,224187.97
0.07568,0.08387,2018-01-04,0.06137,0.06648,43850800,3318628.54,BCN,208899.98
0.1432,0.1677,2018-01-05,0.07364,0.07568,186804000,26750332.8,BCN,219999.98
0.1698,0.1831,2018-01-06,0.1411,0.1432,113208000,19222718.4,BCN,227669
0.1401,0.1769,2018-01-07,0.1278,0.1698,67879600,9509931.96,BCN,226919.98
0.1166,0.1636,2018-01-08,0.1033,0.1422,58989300,6878152.38,BCN,220499.97
0.09205,0.1186,2018-01-09,0.08796,0.1166,36773200,3384973.06,BCN,214287.97
0.09716,0.1043,2018-01-10,0.07159,0.09103,39840400,3870893.26,BCN,207319.99
0.08284,0.1074,2018-01-11,0.07977,0.09716,27967500,2316827.7,BCN,202899.97
0.09103,0.1013,2018-01-12,0.07773,0.08284,26280300,2392295.71,BCN,197449.94
0.08284,0.09614,2018-01-13,0.07773,0.09103,33027300,2735981.53,BCN,203198.96
0.07568,0.09,2018-01-14,0.07466,0.08284,22927500,1735153.2,BCN,199098.91
0.07466,0.08284,2018-01-15,0.07262,0.07568,22960300,1714216,BCN,194694.97
0.06239,0.07568,2018-01-16,0.05114,0.07466,33806700,2109200.01,BCN,187038.99
0.07364,0.07364,2018-01-17,0.05932,0.06239,30624000,2255151.36,BCN,154799.99
0.07977,0.07977,2018-01-18,0.07159,0.07364,18243100,1455252.09,BCN,168989.98
0.07466,0.0808,2018-01-19,0.07057,0.07977,10788900,805499.27,BCN,164991.91
0.06955,0.0808,2018-01-20,0.06648,0.07466,15757600,1095941.08,BCN,177499.97
0.06546,0.07262,2018-01-21,0.06341,0.07057,8583200,561856.27,BCN,177477.97
0.06341,0.06852,2018-01-22,0.06239,0.06546,8283300,525244.05,BCN,164888.98
0.06443,0.06852,2018-01-23,0.06239,0.06443,11290600,727453.36,BCN,149000
0.06239,0.06648,2018-01-24,0.06137,0.06443,15308900,955122.27,BCN,146055.98
0.06341,0.06648,2018-01-25,0.06137,0.06239,4704900,298337.71,BCN,148499.93
0.06955,0.07466,2018-01-26,0.06341,0.06341,18321700,1274274.24,BCN,145914.32
0.06852,0.07159,2018-01-27,0.0675,0.06955,9398800,644005.78,BCN,144332.96
0.06137,0.07057,2018-01-28,0.05932,0.06852,12425000,762522.25,BCN,149482.91
0.06137,0.06443,2018-01-29,0.05932,0.06137,12484100,766149.22,BCN,146996.93
0.05932,0.06239,2018-01-30,0.05625,0.06137,9224200,547179.54,BCN,142199.98
0.05523,0.05932,2018-01-31,0.05216,0.05932,8512900,470167.47,BCN,130784.99
0.05114,0.05523,2018-02-01,0.04602,0.05523,12081900,617868.37,BCN,128498.95
0.05216,0.05625,2018-02-02,0.045,0.05114,15886000,828613.76,BCN,118302.7
0.0476,0.04852,2018-02-03,0.04394,0.04669,9134200,434787.92,BCN,124800
0.0476,0.05126,2018-02-04,0.04669,0.0476,4102300,195269.48,BCN,121989
0.04577,0.04852,2018-02-05,0.04485,0.0476,11086400,507424.53,BCN,109995
0.04852,0.05035,2018-02-06,0.04485,0.04577,12220500,592938.66,BCN,98958.96
0.05035,0.05218,2018-02-07,0.04852,0.04943,11269800,567434.43,BCN,108999.98
0.05035,0.05309,2018-02-08,0.04943,0.05035,7032400,354081.34,BCN,107922.96
0.05218,0.05218,2018-02-09,0.04852,0.05035,6469400,337573.29,BCN,108798.96
0.04943,0.05401,2018-02-10,0.0476,0.05218,9991100,493860.07,BCN,118706.83
0.04943,0.05126,2018-02-11,0.04852,0.04943,5695000,281503.85,BCN,110419.98
0.05126,0.05126,2018-02-12,0.04852,0.04943,6460900,331185.73,BCN,109083.98
0.04943,0.05126,2018-02-13,0.04852,0.05126,3625300,179198.58,BCN,109990.98
0.05401,0.05492,2018-02-14,0.04852,0.04943,7517500,406020.18,BCN,114861.93
0.05767,0.05859,2018-02-15,0.05309,0.05401,8675400,500310.32,BCN,124898.93
0.05492,0.05767,2018-02-16,0.05218,0.05767,5302100,291191.33,BCN,123699.96
0.05675,0.05767,2018-02-17,0.05401,0.05492,6263800,355470.65,BCN,135826.97
0.05401,0.05767,2018-02-18,0.05218,0.05675,10091500,545041.92,BCN,137999.96
0.05859,0.05859,2018-02-19,0.05401,0.05401,6830500,400199,BCN,134892.99
0.05675,0.06225,2018-02-20,0.05675,0.05859,8755000,496846.25,BCN,144994.93
0.05401,0.05859,2018-02-21,0.05401,0.05675,7824300,422590.44,BCN,141799.9
0.05401,0.05584,2018-02-22,0.05309,0.05401,6674200,360473.54,BCN,136348.96
0.05218,0.05492,2018-02-23,0.05035,0.05401,3917000,204389.06,BCN,126699.97
0.05035,0.05309,2018-02-24,0.04943,0.05218,4488000,225970.8,BCN,126629.94
0.04943,0.05035,2018-02-25,0.04852,0.05035,2598000,128419.14,BCN,120710.95
0.05126,0.05309,2018-02-26,0.04852,0.04943,4069500,208602.57,BCN,124498.91
0.05218,0.05401,2018-02-27,0.04943,0.05126,3670400,191521.47,BCN,129599.99
0.04743,0.05182,2018-02-28,0.04655,0.05218,3692800,175149.5,BCN,133231.98
0.04894,0.05166,2018-03-01,0.04532,0.04743,8420300,412089.48,BCN,131888.98
0.04532,0.04894,2018-03-02,0.04532,0.04894,3649400,165390.81,BCN,134512.95
0.04623,0.04804,2018-03-03,0.04351,0.04532,6354300,293759.29,BCN,137299.92
0.04351,0.04623,2018-03-04,0.0426,0.04623,3043200,132409.63,BCN,137999.6
0.04894,0.04985,2018-03-05,0.04169,0.04351,7357300,360066.26,BCN,139898.93
0.04351,0.04894,2018-03-06,0.04351,0.04894,4634000,201625.34,BCN,138899.96
0.04079,0.04532,2018-03-07,0.04079,0.04351,6274900,255953.17,BCN,133999.98
0.04351,0.04532,2018-03-08,0.03988,0.04079,4061700,176724.57,BCN,127486.98
0.0426,0.04441,2018-03-09,0.03988,0.04351,6183400,263412.84,BCN,117149.93
0.04169,0.0426,2018-03-10,0.04079,0.0426,3543100,147711.84,BCN,122252.97
0.0426,0.04623,2018-03-11,0.04079,0.04169,8562200,364749.72,BCN,119999.96
0.0426,0.04441,2018-03-12,0.04169,0.0426,3520600,149977.56,BCN,122503.95
0.03988,0.04351,2018-03-13,0.03988,0.0426,5159400,205756.87,BCN,117776.85
0.03988,0.04169,2018-03-14,0.03626,0.03988,5409200,215718.9,BCN,115579.92
0.03988,0.04079,2018-03-15,0.03807,0.03988,4861600,193880.61,BCN,105389.97
0.04079,0.04169,2018-03-16,0.03897,0.03988,5756300,234799.48,BCN,106884.95
0.04079,0.04079,2018-03-17,0.03626,0.04079,10308400,420479.64,BCN,103449.94
0.04351,0.04351,2018-03-18,0.03897,0.04079,8167400,355363.57,BCN,103502.97
0.0426,0.04351,2018-03-19,0.04169,0.04351,3524000,150122.4,BCN,107500.97
0.04623,0.04623,2018-03-20,0.0426,0.0426,5618600,259747.88,BCN,111985
0.04351,0.04623,2018-03-21,0.04351,0.04623,3327000,144757.77,BCN,113900
0.04532,0.04623,2018-03-22,0.0426,0.04351,5999000,271874.68,BCN,111989.95
0.04623,0.04713,2018-03-23,0.04441,0.04532,2602100,120295.08,BCN,107665.91
0.04623,0.04804,2018-03-24,0.04532,0.04623,2463100,113869.11,BCN,109888.89
0.04532,0.04713,2018-03-25,0.04441,0.04623,1717800,77850.7,BCN,105698.8
0.04623,0.04623,2018-03-26,0.04441,0.04532,2405000,111183.15,BCN,103999.94
0.04804,0.04894,2018-03-27,0.04532,0.04623,6063000,291266.52,BCN,100499.93
0.05076,0.05801,2018-03-28,0.04713,0.04804,7979500,405039.42,BCN,99714.95
0.05076,0.05348,2018-03-29,0.04985,0.05076,3251700,165056.29,BCN,97477.89
0.04804,0.05166,2018-03-30,0.04804,0.05076,3755400,180409.42,BCN,90600.98
0.04894,0.04985,2018-03-31,0.04713,0.04804,1802700,88224.14,BCN,87999.95
0.05166,0.05166,2018-04-01,0.04804,0.04894,1831300,94604.96,BCN,85999.96
0.05076,0.05257,2018-04-02,0.04985,0.05166,2983500,151442.46,BCN,86998.95
0.05076,0.05257,2018-04-03,0.04985,0.05076,2939000,149183.64,BCN,92399.99
0.05076,0.05257,2018-04-04,0.04985,0.05076,4546400,230775.26,BCN,91599.97
0.04804,0.05076,2018-04-05,0.04804,0.05076,1914400,91967.78,BCN,84999.96
0.04985,0.04985,2018-04-06,0.04804,0.04804,823000,41026.55,BCN,84790.02
0.04894,0.05076,2018-04-07,0.04894,0.04985,557000,27259.58,BCN,86929.98
0.04804,0.04985,2018-04-08,0.04804,0.04894,2916500,140108.66,BCN,86489.91
0.04804,0.04894,2018-04-09,0.04623,0.04804,2303700,110669.75,BCN,88498.84
0.05076,0.05166,2018-04-10,0.04713,0.04804,2780700,141148.33,BCN,84498.97
0.05257,0.05529,2018-04-11,0.05076,0.05076,3180000,167172.6,BCN,84998.97
0.05166,0.0562,2018-04-12,0.05166,0.05257,4993200,257948.71,BCN,95498.88
0.05801,0.05891,2018-04-13,0.04985,0.05166,9872000,572674.72,BCN,100999.93
0.05982,0.05982,2018-04-14,0.0562,0.05891,6221200,372152.18,BCN,99798.93
0.07614,0.07976,2018-04-15,0.05801,0.05982,16257400,1237838.44,BCN,103998.91
0.06707,0.08157,2018-04-16,0.06707,0.07432,11501800,771425.73,BCN,102988.98
0.0716,0.07614,2018-04-17,0.06707,0.06707,6581200,471213.92,BCN,101298.84
0.07795,0.07886,2018-04-18,0.0716,0.0716,6761400,527051.13,BCN,100497.98
0.07704,0.07976,2018-04-19,0.07614,0.07704,6581400,507031.06,BCN,102319.96
0.07523,0.08067,2018-04-20,0.07432,0.07704,13988200,1052332.29,BCN,108999.89
0.06979,0.07614,2018-04-21,0.06798,0.07523,5694200,397398.22,BCN,113844.86
0.0707,0.07342,2018-04-22,0.06526,0.06979,10479200,740879.44,BCN,112889.44
0.0707,0.0716,2018-04-23,0.06798,0.0707,6630000,468741,BCN,112999.69
0.06889,0.0716,2018-04-24,0.06617,0.0707,8219700,566255.13,BCN,122999.72
0.07342,0.07614,2018-04-25,0.06889,0.06889,9437300,692886.57,BCN,123988.67
0.0583,0.05899,2018-04-26,0.05344,0.07342,5806300,338507.29,BCN,118455.57
0.05622,0.05899,2018-04-27,0.05552,0.0583,6047700,340001.69,BCN,119999.75
0.0583,0.05969,2018-04-28,0.05622,0.05622,6420900,374338.47,BCN,119659.82
0.05275,0.05899,2018-04-29,0.05205,0.0583,5651400,298111.35,BCN,120499.67
0.05691,0.0576,2018-04-30,0.05275,0.05275,4458100,253710.47,BCN,119417.82
0.05413,0.0576,2018-05-01,0.05344,0.05691,6505700,352153.54,BCN,118078
0.05483,0.05622,2018-05-02,0.05205,0.05413,21502100,1178960.14,BCN,119499
0.06246,0.06732,2018-05-03,0.05483,0.05483,66393200,4146919.27,BCN,124391.99
0.05969,0.06524,2018-05-04,0.0583,0.06246,17655600,1053862.76,BCN,126999
0.06038,0.06316,2018-05-05,0.05691,0.05969,11322600,683658.59,BCN,129300
0.06316,0.06454,2018-05-06,0.05969,0.06038,9816400,620003.82,BCN,128824
0.06246,0.06801,2018-05-07,0.06177,0.06316,14633200,913989.67,BCN,126000
0.1117,0.1791,2018-05-08,0.06246,0.06246,418008800,46691582.96,BCN,125999
0.1473,0.1971,2018-05-09,0.1027,0.1097,991171831,145999610.71,BCN,124229.39
0.1156,0.1473,2018-05-10,0.1059,0.1462,728302132,84191726.46,BCN,124500
0.1014,0.1158,2018-05-11,0.09918,0.1156,430150486,43617259.28,BCN,120001
0.09383,0.1018,2018-05-12,0.09099,0.1015,301553139,28294731.03,BCN,114699.94
0.1147,0.1239,2018-05-13,0.08765,0.09362,739949494,84872206.96,BCN,118428.88
0.1204,0.1258,2018-05-14,0.1097,0.1145,640665950,77136180.38,BCN,116999.93
0.1035,0.1217,2018-05-15,0.1003,0.1203,471555204,48805963.61,BCN,115763
0.1007,0.1076,2018-05-16,0.1004,0.1035,161280504,16240946.75,BCN,113201
0.0939,0.1019,2018-05-17,0.09189,0.1008,180910451,16987491.35,BCN,110000
0.09258,0.09619,2018-05-18,0.09133,0.0939,174336039,16140030.49,BCN,109197.81
0.08863,0.09355,2018-05-19,0.08738,0.09265,90475246,8018821.05,BCN,111898.66
0.09203,0.09564,2018-05-20,0.08634,0.08863,191247611,17600517.64,BCN,113186.92
0.0889,0.0923,2018-05-21,0.088,0.09182,155574987,13830616.34,BCN,113786.97
0.08613,0.08904,2018-05-22,0.08307,0.0889,130295743,11222372.34,BCN,111402.93
0.08259,0.08654,2018-05-23,0.07877,0.08627,190485089,15732163.5,BCN,107550.96
0.08189,0.08592,2018-05-24,0.08051,0.08259,129554058,10609181.81,BCN,104498.95
0.08051,0.08377,2018-05-25,0.07926,0.08189,78934922,6355050.57,BCN,101791.69
0.07627,0.0812,2018-05-26,0.0762,0.08016,96255374,7341397.37,BCN,101495.27
0.07357,0.07676,2018-05-27,0.0701,0.07627,130879721,9628821.07,BCN,99199.96
0.07017,0.07475,2018-05-28,0.06961,0.07357,166553387,11687051.17,BCN,98494.96
0.08571,0.09085,2018-05-29,0.06788,0.0701,434927688,37277652.14,BCN,100699.93
0.08106,0.08703,2018-05-30,0.07641,0.08571,315852670,25603017.43,BCN,101554.86
0.08217,0.08738,2018-05-31,0.07704,0.08106,207556668,17054931.41,BCN,100199.95
0.07773,0.08564,2018-06-01,0.0735,0.08217,165145077,12836726.84,BCN,100497.96
0.07516,0.07773,2018-06-02,0.07447,0.07773,145728828,10952978.71,BCN,101898.88
0.07266,0.0753,2018-06-03,0.07176,0.07516,65936629,4790955.46,BCN,103433.82
0.07023,0.07266,2018-06-04,0.06947,0.07266,77647229,5453164.89,BCN,102494.87
0.07023,0.07218,2018-06-05,0.06857,0.07023,91763578,6444556.08,BCN,102198.86
0.06975,0.07135,2018-06-06,0.06878,0.07044,70381068,4909079.49,BCN,101693.89
0.06871,0.07017,2018-06-07,0.06732,0.06975,62890216,4321186.74,BCN,102998.82
0.06656,0.06892,2018-06-08,0.06434,0.06871,79154740,5268539.49,BCN,103227.96
0.0669,0.0694,2018-06-09,0.0644,0.06628,94555848,6325786.23,BCN,103227.91
0.06364,0.06836,2018-06-10,0.06073,0.0669,140870737,8965013.7,BCN,102120.85
0.06531,0.06558,2018-06-11,0.06246,0.06364,85181410,5563197.89,BCN,94027.89
0.06128,0.06531,2018-06-12,0.05989,0.06531,99565803,6101392.41,BCN,94974.86
0.06024,0.06371,2018-06-13,0.05871,0.06128,95596007,5758703.46,BCN,92598.86
0.06066,0.06732,2018-06-14,0.05913,0.06024,113563019,6888732.73,BCN,92994.87
0.06003,0.06281,2018-06-15,0.05913,0.06066,51576909,3096161.85,BCN,92599.9
0.05878,0.0601,2018-06-16,0.05566,0.06003,45125008,2652447.97,BCN,91446.37
0.05698,0.05906,2018-06-17,0.05663,0.05878,39903701,2273712.88,BCN,90929.8
0.05552,0.05802,2018-06-18,0.05261,0.05698,64789964,3597138.8,BCN,94489.49
0.05157,0.05656,2018-06-19,0.05032,0.05552,71219965,3672813.6,BCN,96886.85
0.04844,0.05261,2018-06-20,0.04726,0.05157,80879979,3917826.18,BCN,94424.89
0.04643,0.04851,2018-06-21,0.04379,0.04844,117471911,5454220.83,BCN,94992.85
0.04109,0.04699,2018-06-22,0.04032,0.04643,145104943,5962362.11,BCN,94048.81
0.04199,0.04296,2018-06-23,0.04095,0.04109,72048297,3025307.99,BCN,88494.71
0.03984,0.04213,2018-06-24,0.03699,0.04199,177496682,7071467.81,BCN,88399.94
0.04185,0.04303,2018-06-25,0.03963,0.03984,107905113,4515828.98,BCN,88549.97
0.04095,0.04289,2018-06-26,0.04081,0.04164,44869962,1837424.94,BCN,88499.89
0.04136,0.04199,2018-06-27,0.04018,0.04095,79324325,3280854.08,BCN,87499.39
0.03963,0.04227,2018-06-28,0.03956,0.04136,93816377,3717943.02,BCN,87399.8
0.04331,0.04365,2018-06-29,0.03928,0.03963,99264850,4299160.65,BCN,87923.82
0.04567,0.05122,2018-06-30,0.0415,0.04338,427285978,19514150.62,BCN,90547.81
0.04601,0.0465,2018-07-01,0.0431,0.04567,75508651,3474153.03,BCN,89997.71
0.05302,0.0576,2018-07-02,0.04351,0.04574,311482515,16514802.95,BCN,93720.78
0.03983,0.04817,2018-07-03,0.03955,0.04392,305724527,12177007.91,BCN,94695.66
0.04582,0.04951,2018-07-04,0.04094,0.04001,138844307,6361846.15,BCN,95848.76
0.0416,0.04695,2018-07-05,0.04064,0.04576,132033126,5492578.04,BCN,94721.91
0.03957,0.04177,2018-07-06,0.0388,0.0416,96935134,3835723.25,BCN,93349.69
0.03928,0.04166,2018-07-07,0.03755,0.03957,73982468,2906031.34,BCN,94499
0.03928,0.03987,2018-07-08,0.03779,0.03928,63208565,2482832.43,BCN,94895.01
0.03791,0.04017,2018-07-09,0.03767,0.03928,68607606,2600914.34,BCN,94399.38
0.03809,0.03939,2018-07-10,0.03773,0.03791,65170697,2482351.85,BCN,93998.79
0.03809,0.03922,2018-07-11,0.03749,0.03809,55799572,2125405.7,BCN,90010.72
0.03814,0.0388,2018-07-12,0.03666,0.03809,50507365,1926350.9,BCN,89264.8
0.03605,0.0382,2018-07-13,0.03528,0.03528,67378276,2428986.85,BCN,88413.86
0.03652,0.03663,2018-07-14,0.03509,0.03605,29303614,1070167.98,BCN,88147.16
0.03565,0.03685,2018-07-15,0.03521,0.03652,27774431,990158.47,BCN,89099.85
0.03642,0.03658,2018-07-16,0.03521,0.03565,41368096,1506626.06,BCN,91997.95
0.04218,0.04243,2018-07-17,0.04012,0.03642,58593262,2471463.79,BCN,99999.96
0.04135,0.04373,2018-07-18,0.03929,0.04218,116574858,4820370.38,BCN,103100.97
0.0421,0.0426,2018-07-19,0.04073,0.04135,57213749,2408698.83,BCN,103849.97
0.03838,0.03943,2018-07-20,0.03791,0.0421,44081568,1691850.58,BCN,104949.92
0.03966,0.04036,2018-07-21,0.03785,0.03838,54106272,2145854.75,BCN,103798.82
0.03931,0.04065,2018-07-22,0.03861,0.03966,35538366,1397013.17,BCN,104497.61
0.03896,0.04012,2018-07-23,0.03832,0.03931,40081795,1561586.73,BCN,108818.98
0.03611,0.03902,2018-07-24,0.03407,0.03896,105002150,3791627.64,BCN,116996.94
0.03704,0.03768,2018-07-25,0.03494,0.03611,67010586,2482072.11,BCN,116884.88
0.03622,0.03762,2018-07-26,0.03558,0.03704,40693663,1473924.47,BCN,113999.96
0.03774,0.03791,2018-07-27,0.03587,0.03622,28991676,1094145.85,BCN,112994.95
0.03698,0.03814,2018-07-28,0.03675,0.03774,27828520,1029098.67,BCN,112993.79
0.03704,0.0375,2018-07-29,0.03686,0.03698,21886929,810691.85,BCN,112994.44
0.03605,0.03704,2018-07-30,0.03523,0.03704,29991277,1081185.54,BCN,112755.71
0.03512,0.03611,2018-07-31,0.035,0.03611,34290492,1204282.08,BCN,111503.88
0.03535,0.03581,2018-08-01,0.03442,0.03512,28908669,1021921.45,BCN,106889.78
0.03517,0.03663,2018-08-02,0.03494,0.03547,25825028,908266.23,BCN,106765.73
0.03407,0.03523,2018-08-03,0.0336,0.03517,29111919,991843.08,BCN,105168.61
0.0329,0.03494,2018-08-04,0.0325,0.03407,32859801,1081087.45,BCN,104996.88
0.03349,0.03401,2018-08-05,0.03232,0.0329,22352902,748598.69,BCN,100602.86
0.0325,0.03383,2018-08-06,0.0325,0.03349,28096306,913129.95,BCN,100466.51
0.03477,0.03529,2018-08-07,0.0325,0.0325,59494095,2068609.68,BCN,99099.78
0.03395,0.03494,2018-08-08,0.03296,0.03477,41399775,1405522.36,BCN,94305
0.03459,0.03581,2018-08-09,0.03349,0.03395,35146385,1215713.46,BCN,94878
0.03296,0.03494,2018-08-10,0.03197,0.03459,65782700,2168197.79,BCN,94450
0.03343,0.03413,2018-08-11,0.03104,0.03296,50427251,1685783,BCN,94449.73
0.03389,0.03436,2018-08-12,0.03226,0.03343,48872063,1656274.22,BCN,94448.55
0.03302,0.03465,2018-08-13,0.0322,0.03389,57720932,1905945.17,BCN,98900.63
0.03261,0.03512,2018-08-14,0.02941,0.03302,118960302,3879295.45,BCN,93473.75
0.0325,0.03424,2018-08-15,0.02999,0.03261,59940548,1948067.81,BCN,98599.67
0.03215,0.0325,2018-08-16,0.03069,0.0325,35496400,1141209.26,BCN,95999.89
0.03517,0.03593,2018-08-17,0.03156,0.03215,156586868,5507160.15,BCN,97996.79
0.0336,0.03558,2018-08-18,0.03296,0.03517,50691560,1703236.42,BCN,97505.86
0.0343,0.03442,2018-08-19,0.03331,0.0336,23798990,816305.36,BCN,97249.37
0.03494,0.03541,2018-08-20,0.03383,0.0343,46062928,1609438.7,BCN,96984.39
0.03552,0.03581,2018-08-21,0.03436,0.03494,40990638,1455987.46,BCN,95699.82
0.0357,0.03692,2018-08-22,0.03517,0.03523,59606422,2127949.27,BCN,97999.91
0.03576,0.03657,2018-08-23,0.03512,0.03558,29130795,1041717.23,BCN,95704.21
0.03616,0.03646,2018-08-24,0.03558,0.03576,23122932,836125.22,BCN,97499.22
0.03646,0.03686,2018-08-25,0.03605,0.03616,30394119,1108169.58,BCN,97998.31
0.03977,0.04024,2018-08-26,0.03616,0.03646,69796648,2775812.69,BCN,97995.86
0.0396,0.04042,2018-08-27,0.03791,0.03977,48989977,1940003.09,BCN,97699.65
0.04443,0.04997,2018-08-28,0.03943,0.0396,263622507,11712747.99,BCN,101499.76
0.04117,0.04566,2018-08-29,0.04088,0.04443,104264648,4292575.56,BCN,103856.87
0.0417,0.04251,2018-08-30,0.04059,0.04117,52971631,2208917.01,BCN,103000.75
0.04548,0.04601,2018-08-31,0.04164,0.0417,102726710,4672010.77,BCN,103999.9
0.05061,0.05224,2018-09-01,0.04507,0.04548,195143268,9876200.79,BCN,106699.66
0.0481,0.05416,2018-09-02,0.04694,0.05061,142329973,6846071.7,BCN,108500.76
0.05131,0.05299,2018-09-03,0.04676,0.0481,90640385,4650758.15,BCN,109883.61
0.03544,0.03634,2018-09-04,0.03368,0.05131,75097074,2661440.3,BCN,113999.95
0.0367,0.04054,2018-09-05,0.03509,0.03544,207973161,7632615.01,BCN,114994.82
0.03642,0.03721,2018-09-06,0.03411,0.0367,78488474,2858550.22,BCN,108011.85
0.03772,0.03772,2018-09-07,0.03591,0.03642,41038465,1547970.9,BCN,104845.45
0.03925,0.04082,2018-09-08,0.03654,0.03772,105590733,4144436.27,BCN,102448.67
0.04011,0.04109,2018-09-09,0.03894,0.03925,45873757,1839996.39,BCN,102400.62
0.04035,0.042,2018-09-10,0.03984,0.04011,46570887,1879135.29,BCN,102031.41
0.04015,0.04196,2018-09-11,0.03972,0.04035,53535377,2149445.39,BCN,101281.46
0.0398,0.04274,2018-09-12,0.03925,0.04015,84434208,3360481.48,BCN,98559.86
0.03548,0.04007,2018-09-13,0.03521,0.0398,60190749,2135567.77,BCN,99999.93
0.03532,0.03611,2018-09-14,0.03375,0.03548,32283077,1140238.28,BCN,100998.75
0.03423,0.03572,2018-09-15,0.03387,0.03525,32941271,1127579.71,BCN,100882.28
0.0345,0.03634,2018-09-16,0.03419,0.03423,28234816,974101.15,BCN,100498.3
0.03568,0.03678,2018-09-17,0.03419,0.0345,40434620,1442707.24,BCN,100009.89
0.0354,0.03576,2018-09-18,0.03399,0.03568,34931412,1236571.98,BCN,98649.91
0.0347,0.0356,2018-09-19,0.03454,0.0354,23151450,803355.32,BCN,98371.81
0.03379,0.0354,2018-09-20,0.03356,0.0347,33569624,1134317.59,BCN,97999.92
0.03187,0.03521,2018-09-21,0.03156,0.03379,50226292,1600711.93,BCN,101088.82
0.03289,0.03324,2018-09-22,0.03144,0.03187,19888204,654123.03,BCN,101000.85
0.03309,0.03332,2018-09-23,0.03211,0.03289,20739170,686259.14,BCN,101790.89
0.03878,0.0396,2018-09-24,0.03285,0.03309,153777914,5963507.5,BCN,100799.81
0.03737,0.03921,2018-09-25,0.03638,0.03878,76603318,2862665.99,BCN,98512.72
0.03835,0.03964,2018-09-26,0.03729,0.03737,32355439,1240831.09,BCN,98399.89
0.04011,0.04113,2018-09-27,0.03788,0.03835,75459820,3026693.38,BCN,98949.97
0.04117,0.04416,2018-09-28,0.03984,0.04011,118391568,4874180.85,BCN,99997.96
0.03854,0.04172,2018-09-29,0.03811,0.04117,36693067,1414150.8,BCN,98447.84
0.03807,0.03929,2018-09-30,0.03697,0.03854,21379142,813903.94,BCN,98999.71
0.03878,0.03894,2018-10-01,0.03697,0.03807,23762799,921521.35,BCN,98610.89
0.04047,0.0418,2018-10-02,0.03839,0.03878,48617798,1967562.29,BCN,98681.96
0.04043,0.04133,2018-10-03,0.03878,0.04047,11943437,482873.16,BCN,98020.93
0.04031,0.04121,2018-10-04,0.03933,0.04043,13994748,564128.29,BCN,99887.94
0.03956,0.0409,2018-10-05,0.03886,0.04031,21854752,864573.99,BCN,100199.93
0.0387,0.03996,2018-10-06,0.0385,0.03956,12966745,501813.03,BCN,100898.68
0.03909,0.03941,2018-10-07,0.03784,0.0387,19109464,746988.95,BCN,100563.68
0.03901,0.03972,2018-10-08,0.03846,0.03909,19170220,747830.28,BCN,101899.96
0.03026,0.03956,2018-10-09,0.0283,0.03901,500198445,15136004.95,BCN,101999.91
0.02975,0.03128,2018-10-10,0.02881,0.03026,229537367,6828736.67,BCN,100499.96
0.02916,0.03085,2018-10-11,0.02826,0.02975,172093018,5018232.4,BCN,99522.9
0.02747,0.02932,2018-10-12,0.02677,0.02916,85842718,2358099.46,BCN,95999.95
0.0259,0.02944,2018-10-13,0.0259,0.02747,32139300,832407.87,BCN,95750.92
0.02747,0.02904,2018-10-14,0.02394,0.0259,31865300,875339.79,BCN,95998.25
0.02787,0.02983,2018-10-15,0.02551,0.02747,31066300,865817.78,BCN,100494.95
0.02865,0.03101,2018-10-16,0.02787,0.02787,13539800,387915.27,BCN,97716.92
0.0263,0.02865,2018-10-17,0.0263,0.02865,20675000,543752.5,BCN,97199.84
0.0259,0.02787,2018-10-18,0.02551,0.0263,14849900,384612.41,BCN,97450.76
0.02669,0.02692,2018-10-19,0.02551,0.0259,6049322,161456.4,BCN,96706.81
0.0263,0.02669,2018-10-20,0.02551,0.02669,2538000,66749.4,BCN,96202.92
0.02551,0.0263,2018-10-21,0.02551,0.0263,1475800,37647.66,BCN,96899.38
0.0259,0.0263,2018-10-22,0.02551,0.02551,2506700,64923.53,BCN,96299.88
0.02551,0.02669,2018-10-23,0.02512,0.0259,17281100,440840.86,BCN,95739.83
0.02551,0.0259,2018-10-24,0.02512,0.02551,3804400,97050.24,BCN,97446.43
0.02551,0.0259,2018-10-25,0.02512,0.02551,7197200,183600.57,BCN,96185.96
0.02473,0.02551,2018-10-26,0.02473,0.02551,4543300,112355.81,BCN,96994.74
0.02512,0.0259,2018-10-27,0.02473,0.02473,4201800,105549.22,BCN,96649.88
0.02512,0.02551,2018-10-28,0.02473,0.02512,6022700,151290.22,BCN,96649.87
0.02512,0.02551,2018-10-29,0.02433,0.02512,10993200,276149.18,BCN,96649.9
0.02551,0.0259,2018-10-30,0.02512,0.02512,4374300,111588.39,BCN,95128.93
0.02551,0.02551,2018-10-31,0.02512,0.02551,5323500,135802.49,BCN,95875.67
0.02551,0.02551,2018-11-01,0.02512,0.02551,1693100,43190.98,BCN,96199.4
0.02512,0.02551,2018-11-02,0.02473,0.02551,2037200,51174.46,BCN,96499.55
0.02473,0.02551,2018-11-03,0.02473,0.02512,2160800,53436.58,BCN,95450.5
0.02433,0.02512,2018-11-04,0.02355,0.02473,9423900,229283.49,BCN,95799.15
0.02551,0.02551,2018-11-05,0.02433,0.02433,762000,19438.62,BCN,95794.89
0.02394,0.02551,2018-11-06,0.02394,0.02551,1471500,35227.71,BCN,96199.91
0.02512,0.0259,2018-11-07,0.02355,0.02394,13294100,333947.79,BCN,96999.95
0.02433,0.02551,2018-11-08,0.02394,0.02512,816400,19863.01,BCN,95523.04
0.02433,0.02473,2018-11-09,0.02394,0.02433,713700,17364.32,BCN,96199.7
0.02355,0.02433,2018-11-10,0.02276,0.02433,7662700,180456.59,BCN,95499.65
0.02394,0.02551,2018-11-11,0.02355,0.02355,3535200,84632.69,BCN,95297.48
0.02316,0.02473,2018-11-12,0.02316,0.02394,3388200,78470.71,BCN,95999.81
0.02394,0.02433,2018-11-13,0.02316,0.02316,1039300,24880.84,BCN,95899.85
0.02433,0.0263,2018-11-14,0.02394,0.02394,3373900,82086.99,BCN,95000.67
0.02433,0.02551,2018-11-15,0.02433,0.02433,2189200,53263.24,BCN,87189.45
0.02512,0.02512,2018-11-16,0.02433,0.02433,615300,15456.34,BCN,84329.87
0.02512,0.02551,2018-11-17,0.02473,0.02512,511100,12838.83,BCN,83483.82
0.02473,0.0259,2018-11-18,0.02394,0.02512,3155100,78025.62,BCN,83999.82
0.02551,0.02708,2018-11-19,0.02473,0.02473,11125400,283808.95,BCN,83400.34
0.02944,0.03022,2018-11-20,0.02551,0.02551,17344200,510613.25,BCN,73444.88
0.02865,0.03022,2018-11-21,0.02787,0.02944,10717500,307056.38,BCN,68998.9
0.02826,0.02904,2018-11-22,0.02747,0.02865,6651000,187957.26,BCN,66694.94
0.02865,0.02904,2018-11-23,0.02826,0.02826,14513800,415820.37,BCN,63849.74
0.02669,0.02865,2018-11-24,0.0263,0.02865,4780600,127594.21,BCN,63499.76
0.02747,0.02826,2018-11-25,0.02669,0.02669,16795500,461372.39,BCN,61649.92
0.02747,0.02787,2018-11-26,0.02708,0.02747,2967800,81525.47,BCN,60274.94
0.02708,0.02826,2018-11-27,0.02708,0.02747,7848600,212540.09,BCN,55349.89
0.02669,0.02865,2018-11-28,0.02669,0.02708,19962400,532796.46,BCN,63242.68
0.02747,0.02787,2018-11-29,0.02669,0.02669,5550600,152474.98,BCN,63552.69
0.02747,0.02826,2018-11-30,0.02708,0.02747,2069600,56851.91,BCN,61649.73
0.02787,0.02865,2018-12-01,0.02708,0.02747,3396900,94671.6,BCN,61698.61
0.02787,0.02865,2018-12-02,0.02747,0.02787,2129300,59343.59,BCN,61170.99
0.02787,0.02826,2018-12-03,0.02708,0.02787,4031600,112360.69,BCN,60356.76
0.0263,0.02787,2018-12-04,0.0259,0.02787,7480800,196745.04,BCN,57976.72
0.02669,0.02747,2018-12-05,0.0259,0.0263,10269800,274100.96,BCN,56199.78
0.02551,0.02747,2018-12-06,0.02512,0.02669,10507500,268046.33,BCN,55844.74
0.02512,0.02708,2018-12-07,0.02394,0.02551,16983900,426635.57,BCN,51561.9
0.02512,0.0263,2018-12-08,0.02473,0.02512,1764600,44326.75,BCN,53972.08
0.02551,0.0259,2018-12-09,0.02473,0.02512,2620500,66848.96,BCN,53917.31
0.02551,0.0263,2018-12-10,0.02473,0.02551,3299800,84177.9,BCN,52499.86
0.02512,0.0263,2018-12-11,0.02512,0.02551,2196100,55166.03,BCN,50832.95
0.02512,0.02551,2018-12-12,0.02473,0.02512,2013100,50569.07,BCN,50499.93
0.02355,0.02551,2018-12-13,0.02355,0.02512,2576700,60681.29,BCN,50492.73
0.02355,0.02433,2018-12-14,0.02316,0.02355,1294400,30483.12,BCN,49246.84
0.02394,0.02433,2018-12-15,0.02316,0.02355,1265100,30286.49,BCN,48873.16
0.02394,0.02473,2018-12-16,0.02355,0.02394,2584000,61860.96,BCN,49142.7
0.02355,0.02433,2018-12-17,0.02355,0.02394,1015300,23910.32,BCN,53428
0.02355,0.02473,2018-12-18,0.02355,0.02355,1945700,45821.24,BCN,54988
0.02433,0.02512,2018-12-19,0.02119,0.02355,7373000,179385.09,BCN,58990
0.02512,0.02551,2018-12-20,0.02433,0.02433,4378600,109990.43,BCN,62489
0.02473,0.02551,2018-12-21,0.02394,0.02512,5567300,137679.33,BCN,61861
0.02551,0.0259,2018-12-22,0.02473,0.02473,4912900,125328.08,BCN,60655
0.02355,0.02551,2018-12-23,0.02316,0.02551,3214800,75708.54,BCN,62001
0.02316,0.02355,2018-12-24,0.0208,0.02355,4643600,107545.78,BCN,65200
0.02198,0.02355,2018-12-25,0.02119,0.02316,12454300,273745.51,BCN,61511
0.02159,0.02316,2018-12-26,0.02119,0.02198,4098800,88493.09,BCN,59995
0.02316,0.02394,2018-12-27,0.02159,0.02159,1250400,28959.26,BCN,57994
0.02198,0.02394,2018-12-28,0.02119,0.02316,8838100,194261.44,BCN,59229
0.02041,0.02276,2018-12-29,0.02002,0.02198,8248600,168353.93,BCN,59200
0.0208,0.02159,2018-12-30,0.02041,0.02041,1224800,25475.84,BCN,58639
0.02041,0.02119,2018-12-31,0.01962,0.0208,1814900,37042.11,BCN,58137
0.02002,0.0208,2019-01-01,0.01884,0.02041,3856200,77201.12,BCN,57398
0.01766,0.02002,2019-01-02,0.01727,0.02002,4557600,80487.22,BCN,59165
0.01805,0.01884,2019-01-03,0.01766,0.01766,3687100,66552.16,BCN,59165
0.01805,0.01845,2019-01-04,0.01766,0.01805,397800,7180.29,BCN,57980
0.01766,0.01805,2019-01-05,0.01688,0.01805,852700,15058.68,BCN,57950
0.01923,0.01923,2019-01-06,0.01766,0.01766,1498700,28820,BCN,60999
0.01923,0.01923,2019-01-07,0.01845,0.01923,10560600,203080.34,BCN,60849
0.01923,0.01923,2019-01-08,0.01805,0.01923,4237800,81492.89,BCN,60299
0.01884,0.01923,2019-01-09,0.01884,0.01923,384900,7251.52,BCN,59950
0.02002,0.0208,2019-01-10,0.01884,0.01884,6002500,120170.05,BCN,59891
0.02041,0.02041,2019-01-11,0.01962,0.02002,4973200,101503.01,BCN,54989
0.02002,0.02041,2019-01-12,0.01923,0.02041,8356200,167291.12,BCN,55110
0.0208,0.0208,2019-01-13,0.01962,0.02002,2242700,46648.16,BCN,55102
0.01962,0.0208,2019-01-14,0.01884,0.0208,9728900,190881.02,BCN,55109
0.02002,0.02041,2019-01-15,0.01962,0.01962,3954200,79163.08,BCN,54798
0.02002,0.02041,2019-01-16,0.01962,0.02002,2226600,44576.53,BCN,54350
0.02041,0.02041,2019-01-17,0.02002,0.02002,2006100,40944.5,BCN,53561
0.0208,0.0208,2019-01-18,0.02041,0.02041,1461300,30395.04,BCN,53935
0.0208,0.02159,2019-01-19,0.02041,0.0208,3029000,63003.2,BCN,56490
0.02041,0.0208,2019-01-20,0.02041,0.0208,1844100,37638.08,BCN,55322
0.02041,0.0208,2019-01-21,0.02002,0.02041,1467100,29943.51,BCN,53469
0.0208,0.0208,2019-01-22,0.02002,0.02041,321800,6693.44,BCN,53267
0.02002,0.0208,2019-01-23,0.02002,0.0208,134100,2684.68,BCN,53126
0.02041,0.0208,2019-01-24,0.02002,0.02002,881900,17999.58,BCN,52000
0.02041,0.0208,2019-01-25,0.02041,0.02041,910800,18589.43,BCN,51749
0.02002,0.0208,2019-01-26,0.02002,0.02041,2904400,58146.09,BCN,52318
0.0208,0.0208,2019-01-27,0.02002,0.02002,1935200,40252.16,BCN,51831
0.02159,0.02198,2019-01-28,0.0208,0.0208,5199800,112263.68,BCN,50844
0.02237,0.02237,2019-01-29,0.02119,0.02159,1246600,27886.44,BCN,49320
0.02198,0.02237,2019-01-30,0.02159,0.02237,3251100,71459.18,BCN,49210
0.02159,0.02276,2019-01-31,0.02119,0.02198,5589000,120666.51,BCN,48698
0.02119,0.02198,2019-02-01,0.0208,0.02159,2530000,53610.7,BCN,47616
0.02119,0.02159,2019-02-02,0.0208,0.02119,168500,3570.52,BCN,47800
0.02119,0.02159,2019-02-03,0.0208,0.02119,596400,12637.72,BCN,47856
0.02119,0.02159,2019-02-04,0.02041,0.02119,3637600,77080.74,BCN,48000
0.02119,0.02159,2019-02-05,0.0208,0.02119,1368500,28998.52,BCN,47579
0.02119,0.02237,2019-02-06,0.02119,0.02119,1369700,29023.94,BCN,46956
0.02159,0.02159,2019-02-07,0.0208,0.02119,3232200,69783.2,BCN,47500
0.02041,0.02159,2019-02-08,0.01962,0.02159,41809600,853333.94,BCN,50945
0.0208,0.0208,2019-02-09,0.01962,0.02041,5035600,104740.48,BCN,51564
0.02002,0.02159,2019-02-10,0.02002,0.0208,10057600,201353.15,BCN,51507
0.02002,0.02041,2019-02-11,0.02002,0.02002,896500,17947.93,BCN,51619
0.02025,0.02041,2019-02-12,0.01962,0.02002,4680600,94782.15,BCN,51146
0.02013,0.02041,2019-02-13,0.0197,0.02025,7879000,158604.27,BCN,51200
0.02006,0.0208,2019-02-14,0.01978,0.02013,10995300,220565.72,BCN,51800
0.0197,0.0201,2019-02-15,0.01962,0.02006,12598700,248194.39,BCN,52423
0.0197,0.01982,2019-02-16,0.01959,0.0197,5615100,110617.47,BCN,52074
0.01829,0.01982,2019-02-17,0.01809,0.0197,8825700,161422.05,BCN,52493
0.01813,0.01884,2019-02-18,0.0177,0.01829,8231500,149237.1,BCN,56300
0.0188,0.019,2019-02-19,0.01782,0.01813,13060900,245544.92,BCN,57500
0.01849,0.01927,2019-02-20,0.01845,0.0188,5611900,103764.03,BCN,57498
0.01856,0.01904,2019-02-21,0.01837,0.01849,8393000,155774.08,BCN,57283
0.01821,0.01864,2019-02-22,0.01798,0.01856,9286000,169098.06,BCN,57097
0.01809,0.01864,2019-02-23,0.01774,0.01821,16177000,292641.93,BCN,59771
0.01962,0.01962,2019-02-24,0.01715,0.01809,14824800,290862.58,BCN,59877
0.01904,0.01974,2019-02-25,0.01864,0.01962,7945200,151276.61,BCN,55212
0.01908,0.01923,2019-02-26,0.01884,0.01904,13055900,249106.57,BCN,54999
0.01978,0.02002,2019-02-27,0.01872,0.01908,10854400,214700.03,BCN,54940
0.01943,0.0199,2019-02-28,0.01923,0.01978,6828300,132673.87,BCN,55540
0.01943,0.01943,2019-03-01,0.01943,0.01943,0,0,BCN,55550
0.02017,0.02021,2019-03-02,0.01943,0.01943,2585000,52139.45,BCN,55823
0.02049,0.02053,2019-03-03,0.01962,0.02017,11863500,243083.12,BCN,55989
0.02053,0.02104,2019-03-04,0.02033,0.02049,7734400,158787.23,BCN,55765
0.01982,0.02065,2019-03-05,0.0197,0.02053,7618700,151002.63,BCN,56259
0.01947,0.0199,2019-03-06,0.01927,0.01982,5247200,102162.98,BCN,56999
0.0197,0.01974,2019-03-07,0.01919,0.01947,10143500,199826.95,BCN,57800
0.02013,0.02033,2019-03-08,0.01962,0.0197,9366900,188555.7,BCN,58997
0.02002,0.02025,2019-03-09,0.01962,0.02013,9378700,187761.57,BCN,58980
0.02053,0.02068,2019-03-10,0.01982,0.02002,8956300,183872.84,BCN,58996
0.02025,0.02061,2019-03-11,0.0199,0.02053,7886800,159707.7,BCN,58998
0.02229,0.02284,2019-03-12,0.01994,0.02025,13541100,301831.12,BCN,57974
0.02316,0.02347,2019-03-13,0.02151,0.02229,9353800,216634.01,BCN,58314
0.02308,0.02355,2019-03-14,0.02167,0.02316,12343500,284887.98,BCN,58248
0.02253,0.02414,2019-03-15,0.02249,0.02308,12482500,281230.73,BCN,58900
0.02249,0.02261,2019-03-16,0.0219,0.02253,10566200,237633.84,BCN,60632
0.02237,0.02265,2019-03-17,0.02131,0.02249,10008600,223892.38,BCN,60212
0.02151,0.02249,2019-03-18,0.02139,0.02237,8842300,190197.87,BCN,60000
0.02163,0.02206,2019-03-19,0.02127,0.02151,8827300,190934.5,BCN,60343
0.02123,0.02186,2019-03-20,0.02116,0.02163,11342500,240801.28,BCN,60699
0.0217,0.02194,2019-03-21,0.02116,0.02123,8028900,174227.13,BCN,60600
0.02139,0.02182,2019-03-22,0.02116,0.0217,6540100,139892.74,BCN,60433
0.02174,0.02198,2019-03-23,0.02104,0.02139,12032800,261593.07,BCN,60892
0.02182,0.02198,2019-03-24,0.0217,0.02174,7091500,154736.53,BCN,60892
0.0221,0.02225,2019-03-25,0.02178,0.02182,7090200,156693.42,BCN,60890
0.02198,0.02214,2019-03-26,0.02159,0.0221,6206400,136416.67,BCN,59832
0.02131,0.02198,2019-03-27,0.02119,0.02198,6965700,148439.07,BCN,60959
0.02096,0.02167,2019-03-28,0.02002,0.02131,12894800,270275.01,BCN,61485
0.02049,0.02119,2019-03-29,0.02041,0.02096,6373400,130590.97,BCN,62348
0.02013,0.02061,2019-03-30,0.02002,0.02049,7332700,147607.25,BCN,62200
0.0201,0.02041,2019-03-31,0.02006,0.02013,8202800,164876.28,BCN,62891
0.02072,0.02139,2019-04-01,0.02006,0.0201,11240200,232896.94,BCN,62737
0.02061,0.02186,2019-04-02,0.02045,0.02072,7430300,153138.48,BCN,72000
0.02182,0.02237,2019-04-03,0.01974,0.02061,13731900,299630.06,BCN,78499
0.023,0.02316,2019-04-04,0.02139,0.02182,11291800,259711.4,BCN,77000
0.02312,0.02402,2019-04-05,0.02221,0.023,13397100,309740.95,BCN,75038
0.02312,0.02398,2019-04-06,0.02269,0.02312,9865800,228097.3,BCN,77399
0.02253,0.02347,2019-04-07,0.02229,0.02312,5263000,118575.39,BCN,78123
0.02182,0.02257,2019-04-08,0.02119,0.02253,7013700,153038.93,BCN,81201
0.02174,0.02214,2019-04-09,0.02131,0.02182,4127600,89734.02,BCN,79491
0.02143,0.02178,2019-04-10,0.02041,0.02174,23396400,501384.85,BCN,79448
0.02151,0.02206,2019-04-11,0.02119,0.02143,8495000,182727.45,BCN,78030
0.02174,0.02198,2019-04-12,0.02139,0.02151,9255800,201221.09,BCN,75350
0.02178,0.02241,2019-04-13,0.02151,0.02174,4480600,97587.47,BCN,76326
0.02167,0.02194,2019-04-14,0.02151,0.02178,7627200,165281.42,BCN,76998
0.02127,0.02233,2019-04-15,0.02119,0.02167,9620100,204619.53,BCN,78250
0.02143,0.02178,2019-04-16,0.02112,0.02127,3666800,78579.52,BCN,77000
0.02167,0.02194,2019-04-17,0.02135,0.02143,4284000,92834.28,BCN,77563
0.021,0.02186,2019-04-18,0.02068,0.02167,6964400,146252.4,BCN,78505
0.021,0.02151,2019-04-19,0.02076,0.021,6391000,134211,BCN,78900
0.0208,0.02112,2019-04-20,0.02053,0.021,6597200,137221.76,BCN,79890
0.02061,0.02127,2019-04-21,0.02041,0.0208,10819600,222991.96,BCN,80500
0.02065,0.02084,2019-04-22,0.02041,0.02061,6737000,139119.05,BCN,81348
0.02112,0.02116,2019-04-23,0.02037,0.02065,8332000,175971.84,BCN,85000
0.0217,0.02233,2019-04-24,0.02104,0.02112,8201200,177966.04,BCN,84999
0.02194,0.02237,2019-04-25,0.02163,0.0217,5946500,130466.21,BCN,83327
0.02131,0.02241,2019-04-26,0.02119,0.02194,7770100,165580.83,BCN,80089
0.02108,0.02139,2019-04-27,0.02092,0.02131,9880900,208289.37,BCN,79513
0.02127,0.02139,2019-04-28,0.021,0.02112,10057600,213925.15,BCN,79800
0.02147,0.02151,2019-04-29,0.02076,0.02127,8548100,183527.71,BCN,79500
0.02178,0.0221,2019-04-30,0.02041,0.02147,12738200,277438,BCN,79198
0.02214,0.02237,2019-05-01,0.02151,0.02178,10821100,239579.15,BCN,80205
0.0219,0.02276,2019-05-02,0.02178,0.02214,8631700,189034.23,BCN,81699
0.02131,0.02257,2019-05-03,0.02119,0.0219,11131300,237208,BCN,86682
0.02218,0.02225,2019-05-04,0.02123,0.02131,9448300,209563.29,BCN,86270
0.02304,0.02327,2019-05-05,0.02186,0.02218,15807600,364207.1,BCN,86270
0.02108,0.02327,2019-05-06,0.021,0.02304,7755300,163481.72,BCN,86118
0.02112,0.02139,2019-05-07,0.02033,0.02108,16367300,345677.38,BCN,88900
0.01955,0.02159,2019-05-08,0.01935,0.02112,15635500,305674.03,BCN,88990
0.02068,0.021,2019-05-09,0.01939,0.01955,10901700,225447.16,BCN,92222
0.021,0.0221,2019-05-10,0.02017,0.02068,9016200,189340.2,BCN,95989
0.0208,0.02218,2019-05-11,0.01943,0.021,14228200,295946.56,BCN,109900
0.01892,0.02139,2019-05-12,0.01884,0.0208,22656500,428660.98,BCN,114000
0.0199,0.0201,2019-05-13,0.0188,0.01892,14113000,280848.7,BCN,120000
0.0179,0.01998,2019-05-14,0.01754,0.0199,17753900,317794.81,BCN,126600
0.01751,0.01802,2019-05-15,0.01621,0.0179,17578400,307797.78,BCN,124100
0.01499,0.01786,2019-05-16,0.01472,0.01751,20470500,306852.8,BCN,124995
0.01464,0.0157,2019-05-17,0.01437,0.01499,10608200,155304.05,BCN,118896
0.01488,0.01503,2019-05-18,0.0144,0.01464,7881400,117275.23,BCN,115200
0.01476,0.01523,2019-05-19,0.01456,0.01488,13274300,195928.67,BCN,123948
0.01495,0.01523,2019-05-20,0.01464,0.01476,12400900,185393.46,BCN,123948
0.01468,0.01503,2019-05-21,0.01378,0.01495,18960700,278343.08,BCN,123800
0.01484,0.01511,2019-05-22,0.01448,0.01468,16563100,245796.4,BCN,120996
0.01515,0.01539,2019-05-23,0.01468,0.01484,12456900,188722.04,BCN,120250
0.01507,0.01523,2019-05-24,0.01491,0.01515,12414200,187081.99,BCN,122999
0.01456,0.01519,2019-05-25,0.01425,0.01507,13684100,199240.5,BCN,122999
0.0144,0.01472,2019-05-26,0.01417,0.01456,9522700,137126.88,BCN,131600
0.01307,0.01456,2019-05-27,0.01295,0.0144,16989200,222048.84,BCN,135990
0.01287,0.01334,2019-05-28,0.01276,0.01307,17723400,228100.16,BCN,134398
0.01264,0.01307,2019-05-29,0.01228,0.01287,12001400,151697.7,BCN,133798
0.01429,0.01621,2019-05-30,0.01217,0.01264,31295500,447212.7,BCN,136899
0.01515,0.01594,2019-05-31,0.01429,0.01429,17314200,262310.13,BCN,131498
0.01511,0.01546,2019-06-01,0.0146,0.01515,16008300,241885.41,BCN,132249
0.01515,0.01531,2019-06-02,0.01484,0.01511,7256900,109942.04,BCN,136000
0.0146,0.01539,2019-06-03,0.0146,0.01515,8431700,123102.82,BCN,134299
0.01472,0.01491,2019-06-04,0.01413,0.0146,9899500,145720.64,BCN,129835
0.01503,0.01562,2019-06-05,0.01409,0.01472,9211200,138444.34,BCN,124100
0.01472,0.01523,2019-06-06,0.01452,0.01503,14735200,216902.14,BCN,123450
0.01484,0.01511,2019-06-07,0.01456,0.01472,4140100,61439.08,BCN,127700
0.01558,0.01566,2019-06-08,0.01476,0.01484,9272700,144468.67,BCN,126700
0.01542,0.0159,2019-06-09,0.01507,0.01558,16258300,250702.99,BCN,126247
0.01491,0.0155,2019-06-10,0.01491,0.01542,5235400,78059.81,BCN,125500
0.01484,0.01515,2019-06-11,0.01468,0.01491,10450800,155089.87,BCN,124960
0.0144,0.01523,2019-06-12,0.0144,0.01484,6724100,96827.04,BCN,126605
0.01448,0.0146,2019-06-13,0.01421,0.0144,680000,9846.4,BCN,128221
0.0148,0.0148,2019-06-14,0.01413,0.01448,947900,14028.92,BCN,133333
0.01433,0.0148,2019-06-15,0.01374,0.0148,3329000,47704.57,BCN,137476
0.01433,0.01452,2019-06-16,0.01374,0.01433,1343500,19252.36,BCN,144500
0.0144,0.01578,2019-06-17,0.01413,0.01433,7994400,115119.36,BCN,144100
0.01499,0.0155,2019-06-18,0.0144,0.0144,3108200,46591.92,BCN,143560
0.01452,0.01546,2019-06-19,0.01425,0.01499,2008900,29169.23,BCN,142050
0.01413,0.01476,2019-06-20,0.01413,0.01452,1156100,16335.69,BCN,143999
0.01323,0.01444,2019-06-21,0.0128,0.01413,2997100,39651.63,BCN,153674
0.01323,0.01354,2019-06-22,0.01283,0.01323,5981900,79140.54,BCN,172500
0.01283,0.01334,2019-06-23,0.01276,0.01323,3037800,38974.97,BCN,171000
0.01303,0.01323,2019-06-24,0.01248,0.01283,1216200,15847.09,BCN,168849
0.01248,0.01334,2019-06-25,0.01217,0.01303,3552500,44335.2,BCN,178499
0.01209,0.01268,2019-06-26,0.01126,0.01248,10446100,126293.35,BCN,210000
0.01295,0.01315,2019-06-27,0.01197,0.01209,7134800,92395.66,BCN,197947
0.01248,0.01315,2019-06-28,0.01236,0.01295,2871900,35841.31,BCN,188398
0.0117,0.01283,2019-06-29,0.0117,0.01248,3690400,43177.68,BCN,187119
0.01189,0.01209,2019-06-30,0.0117,0.0117,885500,10528.6,BCN,184000
0.01107,0.01225,2019-07-01,0.01099,0.01189,4343400,48081.44,BCN,174445
0.01146,0.01166,2019-07-02,0.01091,0.01107,4831000,55363.26,BCN,165500
0.01268,0.01268,2019-07-03,0.01146,0.01146,4685200,59408.34,BCN,179125
0.01256,0.01283,2019-07-04,0.01209,0.01268,6063700,76160.07,BCN,179799
0.01193,0.01272,2019-07-05,0.0102,0.01256,8271100,98674.22,BCN,173880
0.01185,0.01217,2019-07-06,0.01146,0.01193,4644300,55034.95,BCN,175800
0.01126,0.01217,2019-07-07,0.01126,0.01185,3216500,36217.79,BCN,175699
0.01209,0.01228,2019-07-08,0.01126,0.01126,4844400,58568.8,BCN,184948
0.01146,0.01209,2019-07-09,0.01146,0.01209,1636700,18756.58,BCN,192000
0.01138,0.01166,2019-07-10,0.01099,0.01146,4858400,55288.59,BCN,194999
0.01177,0.01197,2019-07-11,0.01103,0.01138,3484700,41014.92,BCN,181894
0.0117,0.01177,2019-07-12,0.01119,0.01177,1296400,15167.88,BCN,177850
0.01236,0.01236,2019-07-13,0.01158,0.0117,1468300,18148.19,BCN,177400
0.01307,0.01323,2019-07-14,0.01209,0.01236,7677300,100342.31,BCN,170502
0.01295,0.01315,2019-07-15,0.01228,0.01307,4207400,54485.83,BCN,167354
0.01295,0.01382,2019-07-16,0.01244,0.01295,3919300,50754.94,BCN,167599
0.00992,0.01062,2019-07-17,0.009728,0.01295,5965500,59177.76,BCN,149499
0.01079,0.01126,2019-07-18,0.01028,0.00992,4735300,51093.89,BCN,159100
0.01094,0.01094,2019-07-19,0.0106,0.01079,1788200,19562.91,BCN,161001
0.0112,0.01148,2019-07-20,0.01096,0.01094,743700,8329.44,BCN,164630
0.01084,0.0109,2019-07-21,0.01067,0.0112,516700,5601.03,BCN,161200
0.01052,0.01052,2019-07-22,0.0103,0.01084,722600,7601.75,BCN,159450
0.0102,0.01046,2019-07-23,0.01008,0.01052,254800,2598.96,BCN,153190
0.01022,0.01055,2019-07-24,0.01003,0.0102,2785100,28463.72,BCN,149201
0.01029,0.01052,2019-07-25,0.01026,0.01022,1776300,18278.13,BCN,151800
0.01045,0.01064,2019-07-26,0.01031,0.01029,3971700,41504.27,BCN,147779
0.01008,0.01039,2019-07-27,0.009796,0.01045,4325900,43605.07,BCN,150250
0.009675,0.01025,2019-07-28,0.009548,0.01008,3177200,30739.41,BCN,144391
0.009794,0.009794,2019-07-29,0.009512,0.009675,1655800,16216.91,BCN,145683
0.009389,0.009828,2019-07-30,0.009326,0.009794,4051300,38037.66,BCN,144799
0.009318,0.009541,2019-07-31,0.009318,0.009389,1511400,14083.23,BCN,148750
0.009822,0.009855,2019-08-01,0.00956,0.009318,623600,6125,BCN,156962
0.009138,0.009861,2019-08-02,0.008809,0.009822,4356500,39809.7,BCN,162969
0.008827,0.009467,2019-08-03,0.008827,0.009138,1557500,13748.05,BCN,165718
0.009043,0.00928,2019-08-04,0.008806,0.008827,680700,6155.57,BCN,167201
0.009527,0.00999,2019-08-05,0.009385,0.009043,2645000,25198.92,BCN,181400
0.008355,0.009382,2019-08-06,0.008355,0.009527,3192600,26674.17,BCN,187499
0.008854,0.009166,2019-08-07,0.008472,0.008355,2812700,24903.65,BCN,185939
0.01022,0.01022,2019-08-08,0.008713,0.008854,3062900,31302.84,BCN,188985
0.01061,0.01119,2019-08-09,0.01014,0.01022,4335100,45995.41,BCN,188985
0.009897,0.01036,2019-08-10,0.009897,0.01061,3306600,32725.42,BCN,188499
0.01054,0.01061,2019-08-11,0.01029,0.009897,565600,5961.42,BCN,184900
0.01051,0.01061,2019-08-12,0.01031,0.01054,665900,6998.61,BCN,184900
0.009971,0.0104,2019-08-13,0.009971,0.01051,330200,3292.42,BCN,181072
0.009689,0.01012,2019-08-14,0.009136,0.009971,3270600,31688.84,BCN,172921
0.009607,0.01027,2019-08-15,0.009214,0.009689,4534200,43560.06,BCN,166953
0.009523,0.009973,2019-08-16,0.009192,0.009607,4857500,46257.97,BCN,167849
0.009657,0.009987,2019-08-17,0.009507,0.009523,2655500,25644.16,BCN,167216
0.009979,0.01067,2019-08-18,0.009728,0.009657,1248700,12460.78,BCN,167216
0.01008,0.01051,2019-08-19,0.01008,0.009979,1566800,15793.34,BCN,173196
0.01019,0.01051,2019-08-20,0.009775,0.01008,1954100,19912.28,BCN,174449
0.009396,0.009665,2019-08-21,0.009247,0.01019,2382000,22381.27,BCN,172000
0.009776,0.01008,2019-08-22,0.00944,0.009396,915400,8948.95,BCN,163700
0.009712,0.01024,2019-08-23,0.009309,0.009776,1982200,19251.13,BCN,166500
0.009396,0.009907,2019-08-24,0.009396,0.009712,1588200,14922.73,BCN,165916
0.009774,0.009774,2019-08-25,0.009326,0.009396,341100,3333.91,BCN,164557
0.0096,0.00981,2019-08-26,0.00939,0.009774,808300,7759.68,BCN,168999
0.009568,0.009688,2019-08-27,0.009478,0.0096,278800,2667.56,BCN,165235
0.008974,0.009336,2019-08-28,0.00864,0.009568,2054200,18434.39,BCN,164000
0.009117,0.009474,2019-08-29,0.008787,0.008974,7355200,67057.36,BCN,156850
0.009224,0.009443,2019-08-30,0.009087,0.009117,1133400,10454.48,BCN,155729
0.009225,0.009786,2019-08-31,0.009113,0.009224,3204600,29562.44,BCN,155720
0.009165,0.009442,2019-09-01,0.008999,0.009225,965500,8848.81,BCN,159222
0.009322,0.009727,2019-09-02,0.009322,0.009165,1610000,15008.42,BCN,168000
0.008523,0.009447,2019-09-03,0.007136,0.009322,24387600,207855.51,BCN,171001
0.007907,0.008126,2019-09-04,0.007633,0.008523,3557300,28127.57,BCN,169703
0.007801,0.008021,2019-09-05,0.007719,0.007907,4979500,38845.08,BCN,167499
0.007553,0.007795,2019-09-06,0.007553,0.007801,920900,6955.56,BCN,171786
0.007648,0.008184,2019-09-07,0.007648,0.007553,6226700,47621.8,BCN,167200
0.007641,0.007812,2019-09-08,0.007527,0.007648,1355000,10353.56,BCN,166999
0.007407,0.007606,2019-09-09,0.007407,0.007641,242300,1794.72,BCN,165098
0.007327,0.007524,2019-09-10,0.007299,0.007407,122800,899.76,BCN,162999
0.007489,0.007489,2019-09-11,0.007041,0.007327,1995900,14947.3,BCN,160990
0.006806,0.007417,2019-09-12,0.006806,0.007489,2027000,13795.76,BCN,160900
0.007333,0.007585,2019-09-13,0.006858,0.006806,3225700,23654.06,BCN,161000
0.007027,0.007632,2019-09-14,0.007027,0.007333,1803700,12674.6,BCN,160784
0.00711,0.007256,2019-09-15,0.006993,0.007027,903200,6421.75,BCN,160999
0.007252,0.00765,2019-09-16,0.00716,0.00711,2806600,20353.46,BCN,160366
0.007452,0.007781,2019-09-17,0.007255,0.007252,408900,3047.12,BCN,160000
0.007996,0.00859,2019-09-18,0.007269,0.007452,7415800,59296.74,BCN,159999
0.007845,0.008528,2019-09-19,0.007743,0.007996,685000,5373.83,BCN,162000
0.007675,0.007879,2019-09-20,0.007641,0.007845,733300,5628.08,BCN,160263
0.007643,0.007779,2019-09-21,0.007473,0.007675,433500,3313.24,BCN,159522
0.007598,0.008091,2019-09-22,0.0074,0.007643,672900,5112.69,BCN,158380
0.007581,0.00793,2019-09-23,0.007327,0.007598,4384700,33240.41,BCN,158000
0.007217,0.00747,2019-09-24,0.006681,0.007581,7492800,54075.54,BCN,155255
0.006847,0.00704,2019-09-25,0.00671,0.007217,1638000,11215.39,BCN,144000
0.006593,0.006968,2019-09-26,0.006486,0.006847,3794200,25015.16,BCN,137000
0.0066,0.006907,2019-09-27,0.006155,0.006593,3439500,22700.7,BCN,132426
0.006624,0.006764,2019-09-28,0.006568,0.0066,1088400,7209.56,BCN,134285
0.006541,0.006734,2019-09-29,0.006486,0.006624,1341000,8771.48,BCN,132810
0.006699,0.006931,2019-09-30,0.006699,0.006541,1799800,12056.86,BCN,133789
0.00657,0.006742,2019-10-01,0.006312,0.006699,1852300,12169.61,BCN,137522
0.006554,0.006757,2019-10-02,0.006554,0.00657,1165100,7636.07,BCN,135409
0.006686,0.00677,2019-10-03,0.006375,0.006554,2994200,20019.22,BCN,135500
0.006629,0.006743,2019-10-04,0.006488,0.006686,2545200,16872.13,BCN,133068
0.006672,0.006672,2019-10-05,0.00639,0.006629,876000,5844.67,BCN,131500
0.006611,0.006611,2019-10-06,0.006417,0.006672,1245900,8236.64,BCN,131009
0.00675,0.006924,2019-10-07,0.006692,0.006611,2269800,15321.15,BCN,133462
0.006641,0.006931,2019-10-08,0.006641,0.00675,3289600,21846.23,BCN,132999
0.00682,0.00713,2019-10-09,0.00682,0.006641,1815600,12382.39,BCN,139501
0.006851,0.006912,2019-10-10,0.006697,0.00682,2136500,14637.16,BCN,139308
0.006514,0.00663,2019-10-11,0.006369,0.006851,866000,5641.12,BCN,139556
0.006695,0.006899,2019-10-12,0.00655,0.006514,3032600,20303.26,BCN,135000
0.006671,0.006846,2019-10-13,0.006642,0.006695,2592600,17295.23,BCN,135299
0.006673,0.006851,2019-10-14,0.006673,0.006671,2295300,15316.54,BCN,134000
0.006521,0.006636,2019-10-15,0.006289,0.006673,1364200,8895.95,BCN,133850
0.006374,0.006402,2019-10-16,0.006037,0.006521,1868800,11911.73,BCN,132500
0.005998,0.006363,2019-10-17,0.005326,0.006374,5464000,32773.07,BCN,129100
0.006155,0.006155,2019-10-18,0.005906,0.005998,2369900,14586.73,BCN,128320
0.00609,0.00609,2019-10-19,0.005954,0.006155,999600,6087.56,BCN,128948
0.005887,0.006278,2019-10-20,0.005887,0.00609,2315800,13633.11,BCN,131497
0.006006,0.006006,2019-10-21,0.005703,0.005887,1527800,9175.97,BCN,132400
0.00556,0.005936,2019-10-22,0.005157,0.006006,1931500,10739.14,BCN,131511
0.005182,0.005436,2019-10-23,0.005182,0.00556,781300,4048.7,BCN,126940
0.005177,0.005304,2019-10-24,0.005177,0.005182,190700,987.25,BCN,118898
0.00563,0.005826,2019-10-25,0.005462,0.005177,682200,3840.79,BCN,136000
0.005825,0.006186,2019-10-26,0.005493,0.00563,2129300,12403.17,BCN,160600
0.006048,0.006077,2019-10-27,0.00599,0.005825,38300,231.64,BCN,151898
0.005897,0.006067,2019-10-28,0.005698,0.006048,68300,402.77,BCN,153999
0.006055,0.006113,2019-10-29,0.005938,0.005897,271000,1640.91,BCN,148418
0.006059,0.006233,2019-10-30,0.00603,0.006055,273000,1654.11,BCN,147033
0.006171,0.006199,2019-10-31,0.005912,0.006059,281300,1735.9,BCN,148900
0.006131,0.006303,2019-11-01,0.005902,0.006171,768600,4712.29,BCN,146500
0.006281,0.006485,2019-11-02,0.006194,0.006131,849600,5336.34,BCN,147300
0.00629,0.006433,2019-11-03,0.006118,0.006281,463900,2917.93,BCN,147000
0.006429,0.006429,2019-11-04,0.006285,0.00629,449500,2889.84,BCN,147799
0.006554,0.006848,2019-11-05,0.006525,0.006429,2162200,14171.06,BCN,146528
0.006813,0.006872,2019-11-06,0.006634,0.006554,1458000,9933.35,BCN,146497
0.006539,0.006655,2019-11-07,0.006539,0.006813,233200,1524.89,BCN,145800
0.006315,0.006634,2019-11-08,0.006142,0.006539,2188900,13822.9,BCN,144150
0.006353,0.00644,2019-11-09,0.006294,0.006315,626000,3976.98,BCN,139500
0.006118,0.006534,2019-11-10,0.006118,0.006353,1548600,9474.33,BCN,142800
0.006172,0.006348,2019-11-11,0.006054,0.006118,1011500,6242.98,BCN,142109
0.00618,0.006269,2019-11-12,0.00618,0.006172,143800,888.68,BCN,139980
0.006388,0.006388,2019-11-13,0.006182,0.00618,739000,4720.73,BCN,138900
0.006445,0.006445,2019-11-14,0.006069,0.006388,2255400,14536.05,BCN,137601
0.006226,0.006339,2019-11-15,0.006113,0.006445,1340000,8342.84,BCN,137000
0.006027,0.00634,2019-11-16,0.00597,0.006226,2406500,14503.98,BCN,134000
0.006022,0.006137,2019-11-17,0.006022,0.006027,560600,3375.93,BCN,135243
0.005869,0.005983,2019-11-18,0.005698,0.006022,1637400,9609.9,BCN,134001
0.005557,0.005611,2019-11-19,0.005421,0.005869,207600,1153.63,BCN,129501
0.005364,0.005555,2019-11-20,0.00531,0.005557,283600,1521.23,BCN,128727
0.00505,0.005176,2019-11-21,0.004974,0.005364,844600,4265.23,BCN,127154
0.00508,0.005249,2019-11-22,0.004838,0.00505,2097100,10653.27,BCN,120500
0.00502,0.005189,2019-11-23,0.00502,0.00508,87900,441.26,BCN,115999
0.004928,0.004928,2019-11-24,0.004722,0.00502,510500,2515.74,BCN,115826
0.005074,0.005213,2019-11-25,0.004958,0.004928,2374800,12049.74,BCN,115999
0.004918,0.005174,2019-11-26,0.004918,0.005074,188000,924.58,BCN,115800
0.005178,0.005225,2019-11-27,0.005082,0.004918,498500,2581.23,BCN,118995
0.005065,0.005113,2019-11-28,0.005018,0.005178,162700,824.08,BCN,119800
0.005027,0.005123,2019-11-29,0.004908,0.005065,660200,3318.83,BCN,121960
0.005002,0.005097,2019-11-30,0.005002,0.005027,222200,1111.44,BCN,121878
0.004909,0.00505,2019-12-01,0.004909,0.005002,1071200,5258.52,BCN,118399
0.004887,0.004933,2019-12-02,0.004747,0.004909,725700,3546.5,BCN,116000
0.004988,0.005266,2019-12-03,0.004802,0.004887,5276100,26317.19,BCN,115800
0.004935,0.005212,2019-12-04,0.004912,0.004988,2643400,13045.18,BCN,120945
0.004673,0.004972,2019-12-05,0.004673,0.004935,3790500,17713.01,BCN,117000
0.00487,0.00487,2019-12-06,0.004708,0.004673,1155900,5629.23,BCN,119069
0.004897,0.00499,2019-12-07,0.004804,0.00487,811000,3971.47,BCN,118587
0.004682,0.004916,2019-12-08,0.004682,0.004897,974000,4560.27,BCN,118000
0.004716,0.005063,2019-12-09,0.004624,0.004682,3618700,17065.79,BCN,119458
0.004676,0.004699,2019-12-10,0.00463,0.004716,508400,2377.28,BCN,116009
0.00464,0.004752,2019-12-11,0.004574,0.004676,174500,809.68,BCN,114500
0.004399,0.004873,2019-12-12,0.004286,0.00464,2897800,12747.42,BCN,114268
0.004573,0.004619,2019-12-13,0.004324,0.004399,5322000,24337.51,BCN,113780
0.004383,0.004672,2019-12-14,0.004383,0.004573,4346900,19052.46,BCN,113563
0.004413,0.00448,2019-12-15,0.004368,0.004383,1106100,4881.22,BCN,112700
0.004485,0.004548,2019-12-16,0.004129,0.004413,8510000,38167.35,BCN,112001
0.004527,0.004679,2019-12-17,0.004049,0.004485,4306200,19494.17,BCN,108470
0.00446,0.00485,2019-12-18,0.004404,0.004527,38184200,172592.58,BCN,105253
